,date,place,product,amount
0,2218-09-28,Анор Лондо,Целебные травы,41.79081505797083
1,2218-09-29,Анор Лондо,Целебные травы,48.52593885417297
2,2218-09-30,Анор Лондо,Целебные травы,42.44343496995901
3,2218-10-01,Анор Лондо,Целебные травы,46.030775560514584
4,2218-10-02,Анор Лондо,Целебные травы,46.505510565044375
5,2218-10-03,Анор Лондо,Целебные травы,45.876942052623434
6,2218-10-04,Анор Лондо,Целебные травы,43.84377302800927
7,2218-10-05,Анор Лондо,Целебные травы,47.907850898151246
8,2218-10-06,Анор Лондо,Целебные травы,43.04500354265734
9,2218-10-07,Анор Лондо,Целебные травы,45.3471427583832
10,2218-10-08,Анор Лондо,Целебные травы,48.40611875834706
11,2218-10-09,Анор Лондо,Целебные травы,40.68229488314861
12,2218-10-10,Анор Лондо,Целебные травы,48.85560568384672
13,2218-10-11,Анор Лондо,Целебные травы,49.53647332424664
14,2218-10-12,Анор Лондо,Целебные травы,49.70531100485654
15,2218-10-13,Анор Лондо,Целебные травы,45.262449050521795
16,2218-10-14,Анор Лондо,Целебные травы,55.93267515541511
17,2218-10-15,Анор Лондо,Целебные травы,45.77077372972563
18,2218-10-16,Анор Лондо,Целебные травы,42.26822866502299
19,2218-10-17,Анор Лондо,Целебные травы,49.76374168487652
20,2218-10-18,Анор Лондо,Целебные травы,48.3630276767572
21,2218-10-19,Анор Лондо,Целебные травы,47.12194768744202
22,2218-10-20,Анор Лондо,Целебные травы,48.847247571868714
23,2218-10-21,Анор Лондо,Целебные травы,46.61787153701231
24,2218-10-22,Анор Лондо,Целебные травы,48.37675235522327
25,2218-10-23,Анор Лондо,Целебные травы,43.96785246144658
26,2218-10-24,Анор Лондо,Целебные травы,51.91421603263396
27,2218-10-25,Анор Лондо,Целебные травы,45.78289262593647
28,2218-10-26,Анор Лондо,Целебные травы,45.38734102990012
29,2218-10-27,Анор Лондо,Целебные травы,51.149591976749555
30,2218-10-28,Анор Лондо,Целебные травы,45.07504243594871
31,2218-10-29,Анор Лондо,Целебные травы,45.80106354999799
32,2218-10-30,Анор Лондо,Целебные травы,45.80741187227479
33,2218-10-31,Анор Лондо,Целебные травы,48.71501681993147
34,2218-11-01,Анор Лондо,Целебные травы,48.58730373320372
35,2218-11-02,Анор Лондо,Целебные травы,46.501917853858735
36,2218-11-03,Анор Лондо,Целебные травы,46.376282985506045
37,2218-11-04,Анор Лондо,Целебные травы,49.71079401638626
38,2218-11-05,Анор Лондо,Целебные травы,48.862324898305275
39,2218-11-06,Анор Лондо,Целебные травы,45.59375418150333
40,2218-11-07,Анор Лондо,Целебные травы,47.95735048962548
41,2218-11-08,Анор Лондо,Целебные травы,49.006189148771014
42,2218-11-09,Анор Лондо,Целебные травы,47.8731240417067
43,2218-11-10,Анор Лондо,Целебные травы,45.6268489732463
44,2218-11-11,Анор Лондо,Целебные травы,50.402933820399795
45,2218-11-12,Анор Лондо,Целебные травы,46.12992190630891
46,2218-11-13,Анор Лондо,Целебные травы,43.284826530743786
47,2218-11-14,Анор Лондо,Целебные травы,42.734481649482966
48,2218-11-15,Анор Лондо,Целебные травы,42.46942636447673
49,2218-11-16,Анор Лондо,Целебные травы,47.94443144107707
50,2218-11-17,Анор Лондо,Целебные травы,49.4043690070435
51,2218-11-18,Анор Лондо,Целебные травы,43.92458338252978
52,2218-11-19,Анор Лондо,Целебные травы,47.7669269727783
53,2218-11-20,Анор Лондо,Целебные травы,42.03638220087712
54,2218-11-21,Анор Лондо,Целебные травы,42.96301507041971
55,2218-11-22,Анор Лондо,Целебные травы,45.55418256843012
56,2218-11-23,Анор Лондо,Целебные травы,40.38908541420195
57,2218-11-24,Анор Лондо,Целебные травы,45.469020807508464
58,2218-11-25,Анор Лондо,Целебные травы,43.3775995791658
59,2218-11-26,Анор Лондо,Целебные травы,48.12957642868326
60,2218-11-27,Анор Лондо,Целебные травы,44.48734258715201
61,2218-11-28,Анор Лондо,Целебные травы,57.59116794778747
62,2218-11-29,Анор Лондо,Целебные травы,43.259038504227085
63,2218-11-30,Анор Лондо,Целебные травы,48.98203351830486
64,2218-12-01,Анор Лондо,Целебные травы,43.75842295189153
65,2218-12-02,Анор Лондо,Целебные травы,49.5086504329701
66,2218-12-03,Анор Лондо,Целебные травы,44.359307601974194
67,2218-12-04,Анор Лондо,Целебные травы,41.45231093974816
68,2218-12-05,Анор Лондо,Целебные травы,45.08648769983513
69,2218-12-06,Анор Лондо,Целебные травы,47.95569066853472
70,2218-12-07,Анор Лондо,Целебные травы,47.644890015909894
71,2218-12-08,Анор Лондо,Целебные травы,49.37065300614826
72,2218-12-09,Анор Лондо,Целебные травы,49.63708755462054
73,2218-12-10,Анор Лондо,Целебные травы,47.435694206808485
74,2218-12-11,Анор Лондо,Целебные травы,49.84822021503854
75,2218-12-12,Анор Лондо,Целебные травы,39.62469161289428
76,2218-12-13,Анор Лондо,Целебные травы,49.01311048860835
77,2218-12-14,Анор Лондо,Целебные травы,51.3121422660782
78,2218-12-15,Анор Лондо,Целебные травы,46.65218554183718
79,2218-12-16,Анор Лондо,Целебные травы,46.88313916124065
80,2218-12-17,Анор Лондо,Целебные травы,44.26206667011344
81,2218-12-18,Анор Лондо,Целебные травы,42.8335254114785
82,2218-12-19,Анор Лондо,Целебные травы,51.34474853665538
83,2218-12-20,Анор Лондо,Целебные травы,45.061055015915656
84,2218-12-21,Анор Лондо,Целебные травы,44.81968150419107
85,2218-12-22,Анор Лондо,Целебные травы,49.403212098810215
86,2218-12-23,Анор Лондо,Целебные травы,43.281937863828375
87,2218-12-24,Анор Лондо,Целебные травы,43.251701508046
88,2218-12-25,Анор Лондо,Целебные травы,48.35533573541751
89,2218-12-26,Анор Лондо,Целебные травы,38.91445997343541
0,2218-09-28,Анор Лондо,Эльфийская пыльца,58.90445492577746
1,2218-09-29,Анор Лондо,Эльфийская пыльца,57.33039095242149
2,2218-09-30,Анор Лондо,Эльфийская пыльца,55.72655925805522
3,2218-10-01,Анор Лондо,Эльфийская пыльца,56.478092146169786
4,2218-10-02,Анор Лондо,Эльфийская пыльца,51.64553734502848
5,2218-10-03,Анор Лондо,Эльфийская пыльца,54.20147809577895
6,2218-10-04,Анор Лондо,Эльфийская пыльца,52.635822588954426
7,2218-10-05,Анор Лондо,Эльфийская пыльца,53.51216717948511
8,2218-10-06,Анор Лондо,Эльфийская пыльца,53.710561565189145
9,2218-10-07,Анор Лондо,Эльфийская пыльца,55.010640733903855
10,2218-10-08,Анор Лондо,Эльфийская пыльца,54.54482745378876
11,2218-10-09,Анор Лондо,Эльфийская пыльца,50.94020697661707
12,2218-10-10,Анор Лондо,Эльфийская пыльца,50.64201428106231
13,2218-10-11,Анор Лондо,Эльфийская пыльца,50.06723179922588
14,2218-10-12,Анор Лондо,Эльфийская пыльца,53.24514999266335
15,2218-10-13,Анор Лондо,Эльфийская пыльца,55.69799799016648
16,2218-10-14,Анор Лондо,Эльфийская пыльца,53.695427696586364
17,2218-10-15,Анор Лондо,Эльфийская пыльца,55.67547092822266
18,2218-10-16,Анор Лондо,Эльфийская пыльца,55.51946608981355
19,2218-10-17,Анор Лондо,Эльфийская пыльца,53.66234947473535
20,2218-10-18,Анор Лондо,Эльфийская пыльца,51.4046528564865
21,2218-10-19,Анор Лондо,Эльфийская пыльца,48.338386928914474
22,2218-10-20,Анор Лондо,Эльфийская пыльца,50.642221671997376
23,2218-10-21,Анор Лондо,Эльфийская пыльца,43.69187524272686
24,2218-10-22,Анор Лондо,Эльфийская пыльца,41.22689788563774
25,2218-10-23,Анор Лондо,Эльфийская пыльца,44.04904979836252
26,2218-10-24,Анор Лондо,Эльфийская пыльца,43.67245228141447
27,2218-10-25,Анор Лондо,Эльфийская пыльца,44.73179974386154
28,2218-10-26,Анор Лондо,Эльфийская пыльца,44.67375936284825
29,2218-10-27,Анор Лондо,Эльфийская пыльца,40.93728879416786
30,2218-10-28,Анор Лондо,Эльфийская пыльца,43.59351174721863
31,2218-10-29,Анор Лондо,Эльфийская пыльца,40.73037626603713
32,2218-10-30,Анор Лондо,Эльфийская пыльца,40.929449426690724
33,2218-10-31,Анор Лондо,Эльфийская пыльца,37.12777653180012
34,2218-11-01,Анор Лондо,Эльфийская пыльца,40.616393726494486
35,2218-11-02,Анор Лондо,Эльфийская пыльца,38.356949230809946
36,2218-11-03,Анор Лондо,Эльфийская пыльца,38.52498217735774
37,2218-11-04,Анор Лондо,Эльфийская пыльца,40.22899939678947
38,2218-11-05,Анор Лондо,Эльфийская пыльца,39.73543578207125
39,2218-11-06,Анор Лондо,Эльфийская пыльца,38.05475482557033
40,2218-11-07,Анор Лондо,Эльфийская пыльца,36.69260094641328
41,2218-11-08,Анор Лондо,Эльфийская пыльца,37.94427310833588
42,2218-11-09,Анор Лондо,Эльфийская пыльца,39.29147937239013
43,2218-11-10,Анор Лондо,Эльфийская пыльца,37.87159134595289
44,2218-11-11,Анор Лондо,Эльфийская пыльца,37.73835651241827
45,2218-11-12,Анор Лондо,Эльфийская пыльца,38.06941188868958
46,2218-11-13,Анор Лондо,Эльфийская пыльца,39.417906315706745
47,2218-11-14,Анор Лондо,Эльфийская пыльца,35.865951306312425
48,2218-11-15,Анор Лондо,Эльфийская пыльца,36.52345169331984
49,2218-11-16,Анор Лондо,Эльфийская пыльца,33.6865650492387
50,2218-11-17,Анор Лондо,Эльфийская пыльца,35.961933744592955
51,2218-11-18,Анор Лондо,Эльфийская пыльца,33.75736631355066
52,2218-11-19,Анор Лондо,Эльфийская пыльца,36.80110399280718
53,2218-11-20,Анор Лондо,Эльфийская пыльца,40.961948364193844
54,2218-11-21,Анор Лондо,Эльфийская пыльца,38.53385912184061
55,2218-11-22,Анор Лондо,Эльфийская пыльца,39.04742467810142
56,2218-11-23,Анор Лондо,Эльфийская пыльца,37.34952523064837
57,2218-11-24,Анор Лондо,Эльфийская пыльца,36.838781172949325
58,2218-11-25,Анор Лондо,Эльфийская пыльца,37.91125285586699
59,2218-11-26,Анор Лондо,Эльфийская пыльца,38.42781298678816
60,2218-11-27,Анор Лондо,Эльфийская пыльца,33.57805696510031
61,2218-11-28,Анор Лондо,Эльфийская пыльца,37.35731369937052
62,2218-11-29,Анор Лондо,Эльфийская пыльца,35.18528770950986
63,2218-11-30,Анор Лондо,Эльфийская пыльца,35.81577024895053
64,2218-12-01,Анор Лондо,Эльфийская пыльца,38.393258694673605
65,2218-12-02,Анор Лондо,Эльфийская пыльца,36.817787434454864
66,2218-12-03,Анор Лондо,Эльфийская пыльца,34.06828758311047
67,2218-12-04,Анор Лондо,Эльфийская пыльца,38.320719728389776
68,2218-12-05,Анор Лондо,Эльфийская пыльца,36.77415788704204
69,2218-12-06,Анор Лондо,Эльфийская пыльца,40.67753223248608
70,2218-12-07,Анор Лондо,Эльфийская пыльца,38.79630389798546
71,2218-12-08,Анор Лондо,Эльфийская пыльца,39.297020870681024
72,2218-12-09,Анор Лондо,Эльфийская пыльца,40.37719775855954
73,2218-12-10,Анор Лондо,Эльфийская пыльца,41.81570694269317
74,2218-12-11,Анор Лондо,Эльфийская пыльца,44.50225117495164
75,2218-12-12,Анор Лондо,Эльфийская пыльца,45.3830403064075
76,2218-12-13,Анор Лондо,Эльфийская пыльца,39.09341239692966
77,2218-12-14,Анор Лондо,Эльфийская пыльца,46.81554818395777
78,2218-12-15,Анор Лондо,Эльфийская пыльца,46.86460876794699
79,2218-12-16,Анор Лондо,Эльфийская пыльца,45.69016349211033
80,2218-12-17,Анор Лондо,Эльфийская пыльца,46.767750897044834
81,2218-12-18,Анор Лондо,Эльфийская пыльца,45.1949261000012
82,2218-12-19,Анор Лондо,Эльфийская пыльца,50.45410545633543
83,2218-12-20,Анор Лондо,Эльфийская пыльца,52.70212658683358
84,2218-12-21,Анор Лондо,Эльфийская пыльца,52.45792455557034
85,2218-12-22,Анор Лондо,Эльфийская пыльца,52.89471220063102
86,2218-12-23,Анор Лондо,Эльфийская пыльца,52.98552411650732
87,2218-12-24,Анор Лондо,Эльфийская пыльца,51.60516720613644
88,2218-12-25,Анор Лондо,Эльфийская пыльца,48.72727957809675
89,2218-12-26,Анор Лондо,Эльфийская пыльца,49.58949519566565
0,2218-09-28,Анор Лондо,Эстус,47.04432060182991
1,2218-09-29,Анор Лондо,Эстус,52.7216626517213
2,2218-09-30,Анор Лондо,Эстус,49.80618611594488
3,2218-10-01,Анор Лондо,Эстус,52.7320757026121
4,2218-10-02,Анор Лондо,Эстус,53.218223566846284
5,2218-10-03,Анор Лондо,Эстус,52.606741391340556
6,2218-10-04,Анор Лондо,Эстус,50.41323144339727
7,2218-10-05,Анор Лондо,Эстус,47.70798683888974
8,2218-10-06,Анор Лондо,Эстус,50.7186784960824
9,2218-10-07,Анор Лондо,Эстус,50.15195209990284
10,2218-10-08,Анор Лондо,Эстус,49.872504104954835
11,2218-10-09,Анор Лондо,Эстус,48.83334681027823
12,2218-10-10,Анор Лондо,Эстус,53.62609773572008
13,2218-10-11,Анор Лондо,Эстус,51.82874444099693
14,2218-10-12,Анор Лондо,Эстус,51.381802572319
15,2218-10-13,Анор Лондо,Эстус,49.29125510814332
16,2218-10-14,Анор Лондо,Эстус,52.548357748507144
17,2218-10-15,Анор Лондо,Эстус,50.656877200324764
18,2218-10-16,Анор Лондо,Эстус,50.29518833568009
19,2218-10-17,Анор Лондо,Эстус,49.96129174048113
20,2218-10-18,Анор Лондо,Эстус,51.322387482858176
21,2218-10-19,Анор Лондо,Эстус,49.657216615172096
22,2218-10-20,Анор Лондо,Эстус,50.9569942664639
23,2218-10-21,Анор Лондо,Эстус,48.58339561711164
24,2218-10-22,Анор Лондо,Эстус,48.80699261466269
25,2218-10-23,Анор Лондо,Эстус,49.51400026871178
26,2218-10-24,Анор Лондо,Эстус,51.95248477738755
27,2218-10-25,Анор Лондо,Эстус,50.514591123355686
28,2218-10-26,Анор Лондо,Эстус,51.3151509922864
29,2218-10-27,Анор Лондо,Эстус,52.48471320261469
30,2218-10-28,Анор Лондо,Эстус,51.4429169418154
31,2218-10-29,Анор Лондо,Эстус,50.71055697746948
32,2218-10-30,Анор Лондо,Эстус,53.748474884121315
33,2218-10-31,Анор Лондо,Эстус,51.06131620321931
34,2218-11-01,Анор Лондо,Эстус,55.11256969183717
35,2218-11-02,Анор Лондо,Эстус,51.08686091045193
36,2218-11-03,Анор Лондо,Эстус,54.85177689473517
37,2218-11-04,Анор Лондо,Эстус,52.98659076526813
38,2218-11-05,Анор Лондо,Эстус,53.21125763188554
39,2218-11-06,Анор Лондо,Эстус,50.593828084693826
40,2218-11-07,Анор Лондо,Эстус,51.8642492173429
41,2218-11-08,Анор Лондо,Эстус,55.52071648942844
42,2218-11-09,Анор Лондо,Эстус,48.79127738137763
43,2218-11-10,Анор Лондо,Эстус,54.96900332757151
44,2218-11-11,Анор Лондо,Эстус,53.24803667377209
45,2218-11-12,Анор Лондо,Эстус,52.99651461914968
46,2218-11-13,Анор Лондо,Эстус,51.04326811208709
47,2218-11-14,Анор Лондо,Эстус,53.62120909587691
48,2218-11-15,Анор Лондо,Эстус,50.73158335040452
49,2218-11-16,Анор Лондо,Эстус,51.737993509471494
50,2218-11-17,Анор Лондо,Эстус,55.42590604234331
51,2218-11-18,Анор Лондо,Эстус,51.8345354852625
52,2218-11-19,Анор Лондо,Эстус,50.819041117495715
53,2218-11-20,Анор Лондо,Эстус,54.14333364607779
54,2218-11-21,Анор Лондо,Эстус,49.7695718070032
55,2218-11-22,Анор Лондо,Эстус,52.896118248128076
56,2218-11-23,Анор Лондо,Эстус,49.25948471592753
57,2218-11-24,Анор Лондо,Эстус,53.33819484067875
58,2218-11-25,Анор Лондо,Эстус,52.397814702204855
59,2218-11-26,Анор Лондо,Эстус,50.72422714977395
60,2218-11-27,Анор Лондо,Эстус,51.608879474374945
61,2218-11-28,Анор Лондо,Эстус,53.90613956131299
62,2218-11-29,Анор Лондо,Эстус,56.88671155477068
63,2218-11-30,Анор Лондо,Эстус,53.81636316319666
64,2218-12-01,Анор Лондо,Эстус,55.22088859145179
65,2218-12-02,Анор Лондо,Эстус,52.27210920638476
66,2218-12-03,Анор Лондо,Эстус,54.70512696981672
67,2218-12-04,Анор Лондо,Эстус,49.700296983890965
68,2218-12-05,Анор Лондо,Эстус,55.3814798951773
69,2218-12-06,Анор Лондо,Эстус,53.49222330492961
70,2218-12-07,Анор Лондо,Эстус,52.54511008717276
71,2218-12-08,Анор Лондо,Эстус,53.92051476299217
72,2218-12-09,Анор Лондо,Эстус,51.477179135928246
73,2218-12-10,Анор Лондо,Эстус,51.810962588526344
74,2218-12-11,Анор Лондо,Эстус,52.55453943029259
75,2218-12-12,Анор Лондо,Эстус,52.7223791417329
76,2218-12-13,Анор Лондо,Эстус,53.81265389500541
77,2218-12-14,Анор Лондо,Эстус,54.414759270930645
78,2218-12-15,Анор Лондо,Эстус,52.28794439928471
79,2218-12-16,Анор Лондо,Эстус,53.511640757273874
80,2218-12-17,Анор Лондо,Эстус,55.190796139465405
81,2218-12-18,Анор Лондо,Эстус,53.403446772566724
82,2218-12-19,Анор Лондо,Эстус,58.06732920200329
83,2218-12-20,Анор Лондо,Эстус,55.42428848566476
84,2218-12-21,Анор Лондо,Эстус,59.304727135105914
85,2218-12-22,Анор Лондо,Эстус,54.97767931847645
86,2218-12-23,Анор Лондо,Эстус,57.47313170334549
87,2218-12-24,Анор Лондо,Эстус,57.118052127974266
88,2218-12-25,Анор Лондо,Эстус,58.57180806786456
89,2218-12-26,Анор Лондо,Эстус,56.113307063831655
0,2218-09-28,Врата Балдура,Целебные травы,27.459929714863563
1,2218-09-29,Врата Балдура,Целебные травы,27.342884214443767
2,2218-09-30,Врата Балдура,Целебные травы,32.02314470810222
3,2218-10-01,Врата Балдура,Целебные травы,25.93962059490441
4,2218-10-02,Врата Балдура,Целебные травы,27.220610092725536
5,2218-10-03,Врата Балдура,Целебные травы,30.046895477691443
6,2218-10-04,Врата Балдура,Целебные травы,26.28236075199314
7,2218-10-05,Врата Балдура,Целебные травы,28.882978131138447
8,2218-10-06,Врата Балдура,Целебные травы,26.38030212453075
9,2218-10-07,Врата Балдура,Целебные травы,27.045225057770452
10,2218-10-08,Врата Балдура,Целебные травы,27.087224665201916
11,2218-10-09,Врата Балдура,Целебные травы,25.38290678579975
12,2218-10-10,Врата Балдура,Целебные травы,28.182935626813112
13,2218-10-11,Врата Балдура,Целебные травы,27.100404324482234
14,2218-10-12,Врата Балдура,Целебные травы,26.75467382705967
15,2218-10-13,Врата Балдура,Целебные травы,28.520059060970933
16,2218-10-14,Врата Балдура,Целебные травы,27.968161301289204
17,2218-10-15,Врата Балдура,Целебные травы,27.27813776923219
18,2218-10-16,Врата Балдура,Целебные травы,28.764630450072886
19,2218-10-17,Врата Балдура,Целебные травы,28.39387831595167
20,2218-10-18,Врата Балдура,Целебные травы,30.27357492993696
21,2218-10-19,Врата Балдура,Целебные травы,28.081261596432256
22,2218-10-20,Врата Балдура,Целебные травы,24.645666034434008
23,2218-10-21,Врата Балдура,Целебные травы,28.620490528545755
24,2218-10-22,Врата Балдура,Целебные травы,26.485873711036334
25,2218-10-23,Врата Балдура,Целебные травы,28.045865324474963
26,2218-10-24,Врата Балдура,Целебные травы,27.65829672598674
27,2218-10-25,Врата Балдура,Целебные травы,26.520897692901496
28,2218-10-26,Врата Балдура,Целебные травы,26.91362908439875
29,2218-10-27,Врата Балдура,Целебные травы,26.052538827357075
30,2218-10-28,Врата Балдура,Целебные травы,27.443714946315758
31,2218-10-29,Врата Балдура,Целебные травы,27.70733797592437
32,2218-10-30,Врата Балдура,Целебные травы,27.26339918011818
33,2218-10-31,Врата Балдура,Целебные травы,31.19958865250516
34,2218-11-01,Врата Балдура,Целебные травы,30.760861248181918
35,2218-11-02,Врата Балдура,Целебные травы,26.253621965811604
36,2218-11-03,Врата Балдура,Целебные травы,26.739072110744225
37,2218-11-04,Врата Балдура,Целебные травы,28.106520235457204
38,2218-11-05,Врата Балдура,Целебные травы,27.585759678214718
39,2218-11-06,Врата Балдура,Целебные травы,28.535995108476286
40,2218-11-07,Врата Балдура,Целебные травы,28.857685845149398
41,2218-11-08,Врата Балдура,Целебные травы,30.575752674377814
42,2218-11-09,Врата Балдура,Целебные травы,28.21152126124715
43,2218-11-10,Врата Балдура,Целебные травы,30.82955267902298
44,2218-11-11,Врата Балдура,Целебные травы,29.62904427845916
45,2218-11-12,Врата Балдура,Целебные травы,27.44491966496488
46,2218-11-13,Врата Балдура,Целебные травы,31.676175306951883
47,2218-11-14,Врата Балдура,Целебные травы,26.381200353839603
48,2218-11-15,Врата Балдура,Целебные травы,28.54685046278574
49,2218-11-16,Врата Балдура,Целебные травы,31.041720996318446
50,2218-11-17,Врата Балдура,Целебные травы,27.15571544987025
51,2218-11-18,Врата Балдура,Целебные травы,29.357533038847386
52,2218-11-19,Врата Балдура,Целебные травы,26.952568090334477
53,2218-11-20,Врата Балдура,Целебные травы,26.983067854926475
54,2218-11-21,Врата Балдура,Целебные травы,27.96732108613046
55,2218-11-22,Врата Балдура,Целебные травы,28.46619969219087
56,2218-11-23,Врата Балдура,Целебные травы,28.741628372187435
57,2218-11-24,Врата Балдура,Целебные травы,26.263272146300498
58,2218-11-25,Врата Балдура,Целебные травы,28.067845263060992
59,2218-11-26,Врата Балдура,Целебные травы,28.091885830820814
60,2218-11-27,Врата Балдура,Целебные травы,27.22514941734994
61,2218-11-28,Врата Балдура,Целебные травы,26.122290752598502
62,2218-11-29,Врата Балдура,Целебные травы,30.27802038582585
63,2218-11-30,Врата Балдура,Целебные травы,26.33328152432991
64,2218-12-01,Врата Балдура,Целебные травы,30.404439845861905
65,2218-12-02,Врата Балдура,Целебные травы,32.70968112258605
66,2218-12-03,Врата Балдура,Целебные травы,27.990057189409697
67,2218-12-04,Врата Балдура,Целебные травы,27.648510460057906
68,2218-12-05,Врата Балдура,Целебные травы,29.01564447444702
69,2218-12-06,Врата Балдура,Целебные травы,30.10683363026219
70,2218-12-07,Врата Балдура,Целебные травы,30.51585151331424
71,2218-12-08,Врата Балдура,Целебные травы,29.173170915447244
72,2218-12-09,Врата Балдура,Целебные травы,28.133242933953447
73,2218-12-10,Врата Балдура,Целебные травы,31.747837559540766
74,2218-12-11,Врата Балдура,Целебные травы,35.26773935383028
75,2218-12-12,Врата Балдура,Целебные травы,31.066575455000713
76,2218-12-13,Врата Балдура,Целебные травы,27.629253859144505
77,2218-12-14,Врата Балдура,Целебные травы,29.263492773740158
78,2218-12-15,Врата Балдура,Целебные травы,27.9538296450242
79,2218-12-16,Врата Балдура,Целебные травы,28.76249383781679
80,2218-12-17,Врата Балдура,Целебные травы,27.620063738259585
81,2218-12-18,Врата Балдура,Целебные травы,29.101138261074116
82,2218-12-19,Врата Балдура,Целебные травы,31.903728908791525
83,2218-12-20,Врата Балдура,Целебные травы,32.198615797929094
84,2218-12-21,Врата Балдура,Целебные травы,30.2326479274267
85,2218-12-22,Врата Балдура,Целебные травы,31.6826103125547
86,2218-12-23,Врата Балдура,Целебные травы,28.67515222806322
87,2218-12-24,Врата Балдура,Целебные травы,31.264581756904928
88,2218-12-25,Врата Балдура,Целебные травы,35.82196894621654
89,2218-12-26,Врата Балдура,Целебные травы,37.618459885950834
0,2218-09-28,Врата Балдура,Эльфийская пыльца,25.415306013966998
1,2218-09-29,Врата Балдура,Эльфийская пыльца,24.676186274318685
2,2218-09-30,Врата Балдура,Эльфийская пыльца,22.963574661277036
3,2218-10-01,Врата Балдура,Эльфийская пыльца,22.328068897599394
4,2218-10-02,Врата Балдура,Эльфийская пыльца,22.436201255647187
5,2218-10-03,Врата Балдура,Эльфийская пыльца,22.13809104662829
6,2218-10-04,Врата Балдура,Эльфийская пыльца,19.74512507122501
7,2218-10-05,Врата Балдура,Эльфийская пыльца,19.684386370369175
8,2218-10-06,Врата Балдура,Эльфийская пыльца,21.057520935781447
9,2218-10-07,Врата Балдура,Эльфийская пыльца,23.042943823073934
10,2218-10-08,Врата Балдура,Эльфийская пыльца,19.486571356308364
11,2218-10-09,Врата Балдура,Эльфийская пыльца,21.318480583952475
12,2218-10-10,Врата Балдура,Эльфийская пыльца,23.53280512160338
13,2218-10-11,Врата Балдура,Эльфийская пыльца,20.19384102048949
14,2218-10-12,Врата Балдура,Эльфийская пыльца,21.637595140841015
15,2218-10-13,Врата Балдура,Эльфийская пыльца,21.695071363162562
16,2218-10-14,Врата Балдура,Эльфийская пыльца,19.49707877496112
17,2218-10-15,Врата Балдура,Эльфийская пыльца,24.976817961468637
18,2218-10-16,Врата Балдура,Эльфийская пыльца,19.93202535432995
19,2218-10-17,Врата Балдура,Эльфийская пыльца,19.958863323817802
20,2218-10-18,Врата Балдура,Эльфийская пыльца,19.534160077178612
21,2218-10-19,Врата Балдура,Эльфийская пыльца,21.452831150839632
22,2218-10-20,Врата Балдура,Эльфийская пыльца,18.934759696218848
23,2218-10-21,Врата Балдура,Эльфийская пыльца,20.691782816749406
24,2218-10-22,Врата Балдура,Эльфийская пыльца,19.359469227991678
25,2218-10-23,Врата Балдура,Эльфийская пыльца,19.46549029825259
26,2218-10-24,Врата Балдура,Эльфийская пыльца,21.355014766623103
27,2218-10-25,Врата Балдура,Эльфийская пыльца,19.55995322990078
28,2218-10-26,Врата Балдура,Эльфийская пыльца,17.535660503921314
29,2218-10-27,Врата Балдура,Эльфийская пыльца,20.71153904085309
30,2218-10-28,Врата Балдура,Эльфийская пыльца,18.95129171518047
31,2218-10-29,Врата Балдура,Эльфийская пыльца,17.96413170477117
32,2218-10-30,Врата Балдура,Эльфийская пыльца,19.225615281611283
33,2218-10-31,Врата Балдура,Эльфийская пыльца,19.122726842764635
34,2218-11-01,Врата Балдура,Эльфийская пыльца,21.21374054067274
35,2218-11-02,Врата Балдура,Эльфийская пыльца,19.54078106110306
36,2218-11-03,Врата Балдура,Эльфийская пыльца,19.53582756431735
37,2218-11-04,Врата Балдура,Эльфийская пыльца,20.173473495862943
38,2218-11-05,Врата Балдура,Эльфийская пыльца,20.379210197052046
39,2218-11-06,Врата Балдура,Эльфийская пыльца,18.198266968809147
40,2218-11-07,Врата Балдура,Эльфийская пыльца,18.332578165996587
41,2218-11-08,Врата Балдура,Эльфийская пыльца,20.022938782812865
42,2218-11-09,Врата Балдура,Эльфийская пыльца,10.994576856774419
43,2218-11-10,Врата Балдура,Эльфийская пыльца,9.273020164255943
44,2218-11-11,Врата Балдура,Эльфийская пыльца,17.653552748227817
45,2218-11-12,Врата Балдура,Эльфийская пыльца,19.238258475138387
46,2218-11-13,Врата Балдура,Эльфийская пыльца,18.31694289132711
47,2218-11-14,Врата Балдура,Эльфийская пыльца,10.385832890596614
48,2218-11-15,Врата Балдура,Эльфийская пыльца,11.951290146112168
49,2218-11-16,Врата Балдура,Эльфийская пыльца,18.666819659667645
50,2218-11-17,Врата Балдура,Эльфийская пыльца,8.382797950300752
51,2218-11-18,Врата Балдура,Эльфийская пыльца,14.066573927292529
52,2218-11-19,Врата Балдура,Эльфийская пыльца,12.998673355945343
53,2218-11-20,Врата Балдура,Эльфийская пыльца,17.400231075471012
54,2218-11-21,Врата Балдура,Эльфийская пыльца,16.08063840663924
55,2218-11-22,Врата Балдура,Эльфийская пыльца,10.64515128068328
56,2218-11-23,Врата Балдура,Эльфийская пыльца,16.058692989003916
57,2218-11-24,Врата Балдура,Эльфийская пыльца,19.95524521703595
58,2218-11-25,Врата Балдура,Эльфийская пыльца,18.086334618071547
59,2218-11-26,Врата Балдура,Эльфийская пыльца,18.0764809955419
60,2218-11-27,Врата Балдура,Эльфийская пыльца,19.23591700929696
61,2218-11-28,Врата Балдура,Эльфийская пыльца,15.92166616214601
62,2218-11-29,Врата Балдура,Эльфийская пыльца,10.810537871743927
63,2218-11-30,Врата Балдура,Эльфийская пыльца,15.151087984696527
64,2218-12-01,Врата Балдура,Эльфийская пыльца,21.702172153189462
65,2218-12-02,Врата Балдура,Эльфийская пыльца,23.013918475886257
66,2218-12-03,Врата Балдура,Эльфийская пыльца,23.201318282745824
67,2218-12-04,Врата Балдура,Эльфийская пыльца,20.06722216107634
68,2218-12-05,Врата Балдура,Эльфийская пыльца,23.087582605337474
69,2218-12-06,Врата Балдура,Эльфийская пыльца,23.384112056189913
70,2218-12-07,Врата Балдура,Эльфийская пыльца,20.357849011382083
71,2218-12-08,Врата Балдура,Эльфийская пыльца,20.945437730023045
72,2218-12-09,Врата Балдура,Эльфийская пыльца,25.355198805774535
73,2218-12-10,Врата Балдура,Эльфийская пыльца,21.59366646536094
74,2218-12-11,Врата Балдура,Эльфийская пыльца,23.11584715699327
75,2218-12-12,Врата Балдура,Эльфийская пыльца,24.537810464381383
76,2218-12-13,Врата Балдура,Эльфийская пыльца,22.514102908171544
77,2218-12-14,Врата Балдура,Эльфийская пыльца,27.493723142416574
78,2218-12-15,Врата Балдура,Эльфийская пыльца,29.222444204205583
79,2218-12-16,Врата Балдура,Эльфийская пыльца,28.112826434942164
80,2218-12-17,Врата Балдура,Эльфийская пыльца,27.390752820981977
81,2218-12-18,Врата Балдура,Эльфийская пыльца,28.189986585291358
82,2218-12-19,Врата Балдура,Эльфийская пыльца,29.83503620941847
83,2218-12-20,Врата Балдура,Эльфийская пыльца,33.03734823361259
84,2218-12-21,Врата Балдура,Эльфийская пыльца,32.34525490999036
85,2218-12-22,Врата Балдура,Эльфийская пыльца,31.826170724634427
86,2218-12-23,Врата Балдура,Эльфийская пыльца,34.13137665840633
87,2218-12-24,Врата Балдура,Эльфийская пыльца,33.51649353426318
88,2218-12-25,Врата Балдура,Эльфийская пыльца,39.95056399111038
89,2218-12-26,Врата Балдура,Эльфийская пыльца,33.549443309144785
0,2218-09-28,Врата Балдура,Эстус,25.968017418945045
1,2218-09-29,Врата Балдура,Эстус,32.324285194826686
2,2218-09-30,Врата Балдура,Эстус,32.808395130486154
3,2218-10-01,Врата Балдура,Эстус,27.426937762878275
4,2218-10-02,Врата Балдура,Эстус,28.071484630255874
5,2218-10-03,Врата Балдура,Эстус,31.236430131172916
6,2218-10-04,Врата Балдура,Эстус,32.96666066810269
7,2218-10-05,Врата Балдура,Эстус,29.562614520518874
8,2218-10-06,Врата Балдура,Эстус,31.632173211911137
9,2218-10-07,Врата Балдура,Эстус,29.500309071325375
10,2218-10-08,Врата Балдура,Эстус,28.89286987141304
11,2218-10-09,Врата Балдура,Эстус,30.012582350649886
12,2218-10-10,Врата Балдура,Эстус,29.37882827105066
13,2218-10-11,Врата Балдура,Эстус,30.69657759679127
14,2218-10-12,Врата Балдура,Эстус,31.01090500854782
15,2218-10-13,Врата Балдура,Эстус,28.198456841794016
16,2218-10-14,Врата Балдура,Эстус,28.084527888488658
17,2218-10-15,Врата Балдура,Эстус,26.584540549207553
18,2218-10-16,Врата Балдура,Эстус,27.51023044248451
19,2218-10-17,Врата Балдура,Эстус,27.13517053705742
20,2218-10-18,Врата Балдура,Эстус,28.469273445560983
21,2218-10-19,Врата Балдура,Эстус,28.030108781469885
22,2218-10-20,Врата Балдура,Эстус,29.602643628485342
23,2218-10-21,Врата Балдура,Эстус,24.462846487435968
24,2218-10-22,Врата Балдура,Эстус,26.121948107632186
25,2218-10-23,Врата Балдура,Эстус,24.591846501474862
26,2218-10-24,Врата Балдура,Эстус,24.086101509365797
27,2218-10-25,Врата Балдура,Эстус,31.973136150301983
28,2218-10-26,Врата Балдура,Эстус,28.583024913273917
29,2218-10-27,Врата Балдура,Эстус,27.739306174338974
30,2218-10-28,Врата Балдура,Эстус,30.132455245990187
31,2218-10-29,Врата Балдура,Эстус,27.769771605909064
32,2218-10-30,Врата Балдура,Эстус,26.464744317378617
33,2218-10-31,Врата Балдура,Эстус,30.28916032156528
34,2218-11-01,Врата Балдура,Эстус,29.105890952103948
35,2218-11-02,Врата Балдура,Эстус,27.238033026834348
36,2218-11-03,Врата Балдура,Эстус,30.327245284126437
37,2218-11-04,Врата Балдура,Эстус,27.497413060224034
38,2218-11-05,Врата Балдура,Эстус,26.125408310889117
39,2218-11-06,Врата Балдура,Эстус,23.269577724515766
40,2218-11-07,Врата Балдура,Эстус,24.934536786852714
41,2218-11-08,Врата Балдура,Эстус,26.675430408713844
42,2218-11-09,Врата Балдура,Эстус,25.094090513342294
43,2218-11-10,Врата Балдура,Эстус,24.270507612040532
44,2218-11-11,Врата Балдура,Эстус,26.410166247029267
45,2218-11-12,Врата Балдура,Эстус,26.43190838355875
46,2218-11-13,Врата Балдура,Эстус,26.251059439726486
47,2218-11-14,Врата Балдура,Эстус,25.380285668731897
48,2218-11-15,Врата Балдура,Эстус,23.68394012781277
49,2218-11-16,Врата Балдура,Эстус,25.859400839664538
50,2218-11-17,Врата Балдура,Эстус,25.219828229708476
51,2218-11-18,Врата Балдура,Эстус,26.36177077459226
52,2218-11-19,Врата Балдура,Эстус,25.98651357441362
53,2218-11-20,Врата Балдура,Эстус,23.97800485544012
54,2218-11-21,Врата Балдура,Эстус,27.18864939736092
55,2218-11-22,Врата Балдура,Эстус,27.611762789835456
56,2218-11-23,Врата Балдура,Эстус,26.811597144012318
57,2218-11-24,Врата Балдура,Эстус,29.490542844002693
58,2218-11-25,Врата Балдура,Эстус,28.479210819060718
59,2218-11-26,Врата Балдура,Эстус,26.897654148822497
60,2218-11-27,Врата Балдура,Эстус,28.95163693647257
61,2218-11-28,Врата Балдура,Эстус,26.9285339943286
62,2218-11-29,Врата Балдура,Эстус,26.540926934933196
63,2218-11-30,Врата Балдура,Эстус,25.59404814430487
64,2218-12-01,Врата Балдура,Эстус,28.627971381447193
65,2218-12-02,Врата Балдура,Эстус,27.641716559667554
66,2218-12-03,Врата Балдура,Эстус,27.784503324518933
67,2218-12-04,Врата Балдура,Эстус,30.83706331832699
68,2218-12-05,Врата Балдура,Эстус,29.954148398456603
69,2218-12-06,Врата Балдура,Эстус,29.348819890073756
70,2218-12-07,Врата Балдура,Эстус,29.744003455685554
71,2218-12-08,Врата Балдура,Эстус,30.700416361734515
72,2218-12-09,Врата Балдура,Эстус,30.52739340012799
73,2218-12-10,Врата Балдура,Эстус,31.32667437081734
74,2218-12-11,Врата Балдура,Эстус,34.0318538245678
75,2218-12-12,Врата Балдура,Эстус,32.36948138770443
76,2218-12-13,Врата Балдура,Эстус,33.40726972324501
77,2218-12-14,Врата Балдура,Эстус,38.778861312073815
78,2218-12-15,Врата Балдура,Эстус,39.27463153054046
79,2218-12-16,Врата Балдура,Эстус,39.37204960527607
80,2218-12-17,Врата Балдура,Эстус,35.16989351891262
81,2218-12-18,Врата Балдура,Эстус,35.58257156255307
82,2218-12-19,Врата Балдура,Эстус,37.93821107026996
83,2218-12-20,Врата Балдура,Эстус,38.33282624149961
84,2218-12-21,Врата Балдура,Эстус,36.440848285374784
85,2218-12-22,Врата Балдура,Эстус,32.35626067229804
86,2218-12-23,Врата Балдура,Эстус,31.69676841820375
87,2218-12-24,Врата Балдура,Эстус,32.3466540198933
88,2218-12-25,Врата Балдура,Эстус,31.970080244266132
89,2218-12-26,Врата Балдура,Эстус,32.01489293865731
0,2218-09-28,Кеджистан,Целебные травы,51.94015164129508
1,2218-09-29,Кеджистан,Целебные травы,56.20426629396523
2,2218-09-30,Кеджистан,Целебные травы,57.391099158012786
3,2218-10-01,Кеджистан,Целебные травы,61.463453883989054
4,2218-10-02,Кеджистан,Целебные травы,57.540995093312034
5,2218-10-03,Кеджистан,Целебные травы,54.287324379618866
6,2218-10-04,Кеджистан,Целебные травы,58.91909664116252
7,2218-10-05,Кеджистан,Целебные травы,51.17922060566043
8,2218-10-06,Кеджистан,Целебные травы,58.33891791578212
9,2218-10-07,Кеджистан,Целебные травы,58.79414100363548
10,2218-10-08,Кеджистан,Целебные травы,58.4729036439646
11,2218-10-09,Кеджистан,Целебные травы,54.871596677224204
12,2218-10-10,Кеджистан,Целебные травы,55.376034420291475
13,2218-10-11,Кеджистан,Целебные травы,54.418415962715834
14,2218-10-12,Кеджистан,Целебные травы,57.68055092333535
15,2218-10-13,Кеджистан,Целебные травы,55.093873795152305
16,2218-10-14,Кеджистан,Целебные травы,56.03359141302076
17,2218-10-15,Кеджистан,Целебные травы,57.43771965279154
18,2218-10-16,Кеджистан,Целебные травы,57.88001967671196
19,2218-10-17,Кеджистан,Целебные травы,55.88529710939602
20,2218-10-18,Кеджистан,Целебные травы,57.536474182808675
21,2218-10-19,Кеджистан,Целебные травы,57.74533989178951
22,2218-10-20,Кеджистан,Целебные травы,55.65521301896286
23,2218-10-21,Кеджистан,Целебные травы,53.68561292494942
24,2218-10-22,Кеджистан,Целебные травы,56.05315137073851
25,2218-10-23,Кеджистан,Целебные травы,57.41157152605477
26,2218-10-24,Кеджистан,Целебные травы,57.38313357650745
27,2218-10-25,Кеджистан,Целебные травы,57.44511473344504
28,2218-10-26,Кеджистан,Целебные травы,53.366917925632684
29,2218-10-27,Кеджистан,Целебные травы,56.367617662206605
30,2218-10-28,Кеджистан,Целебные травы,49.425307147797405
31,2218-10-29,Кеджистан,Целебные травы,52.72140227234392
32,2218-10-30,Кеджистан,Целебные травы,60.317867384543405
33,2218-10-31,Кеджистан,Целебные травы,59.667376325550265
34,2218-11-01,Кеджистан,Целебные травы,56.62627427505254
35,2218-11-02,Кеджистан,Целебные травы,57.87292008915345
36,2218-11-03,Кеджистан,Целебные травы,53.038300703261335
37,2218-11-04,Кеджистан,Целебные травы,52.54830118566874
38,2218-11-05,Кеджистан,Целебные травы,55.45735888083356
39,2218-11-06,Кеджистан,Целебные травы,57.44163446718635
40,2218-11-07,Кеджистан,Целебные травы,57.65510378011477
41,2218-11-08,Кеджистан,Целебные травы,53.87532210475631
42,2218-11-09,Кеджистан,Целебные травы,58.31236257781541
43,2218-11-10,Кеджистан,Целебные травы,58.31391239266559
44,2218-11-11,Кеджистан,Целебные травы,58.32649145458452
45,2218-11-12,Кеджистан,Целебные травы,55.670078904758455
46,2218-11-13,Кеджистан,Целебные травы,57.65905554131428
47,2218-11-14,Кеджистан,Целебные травы,58.32547576435037
48,2218-11-15,Кеджистан,Целебные травы,54.05539279719542
49,2218-11-16,Кеджистан,Целебные травы,56.56284875062938
50,2218-11-17,Кеджистан,Целебные травы,61.48860249640945
51,2218-11-18,Кеджистан,Целебные травы,57.989520559572746
52,2218-11-19,Кеджистан,Целебные травы,57.60902220711617
53,2218-11-20,Кеджистан,Целебные травы,54.50186234154076
54,2218-11-21,Кеджистан,Целебные травы,54.2084556908791
55,2218-11-22,Кеджистан,Целебные травы,53.13964291389567
56,2218-11-23,Кеджистан,Целебные травы,58.24447110405704
57,2218-11-24,Кеджистан,Целебные травы,57.738756684149884
58,2218-11-25,Кеджистан,Целебные травы,57.1088861720782
59,2218-11-26,Кеджистан,Целебные травы,58.78430664048315
60,2218-11-27,Кеджистан,Целебные травы,56.10955051232705
61,2218-11-28,Кеджистан,Целебные травы,55.49579927039856
62,2218-11-29,Кеджистан,Целебные травы,60.902015514108776
63,2218-11-30,Кеджистан,Целебные травы,58.02559677123309
64,2218-12-01,Кеджистан,Целебные травы,58.10724578069115
65,2218-12-02,Кеджистан,Целебные травы,54.705344048306806
66,2218-12-03,Кеджистан,Целебные травы,52.672493765616984
67,2218-12-04,Кеджистан,Целебные травы,57.97377589616576
68,2218-12-05,Кеджистан,Целебные травы,55.927304949237275
69,2218-12-06,Кеджистан,Целебные травы,59.02166035366743
70,2218-12-07,Кеджистан,Целебные травы,59.824255293573074
71,2218-12-08,Кеджистан,Целебные травы,55.67306955031817
72,2218-12-09,Кеджистан,Целебные травы,56.88936641679061
73,2218-12-10,Кеджистан,Целебные травы,54.24253563461888
74,2218-12-11,Кеджистан,Целебные травы,58.416901477183906
75,2218-12-12,Кеджистан,Целебные травы,56.3151313320902
76,2218-12-13,Кеджистан,Целебные травы,58.66618255034733
77,2218-12-14,Кеджистан,Целебные травы,60.356632823016774
78,2218-12-15,Кеджистан,Целебные травы,53.82132071025945
79,2218-12-16,Кеджистан,Целебные травы,57.93832920183714
80,2218-12-17,Кеджистан,Целебные травы,55.18809611177432
81,2218-12-18,Кеджистан,Целебные травы,55.66381944629875
82,2218-12-19,Кеджистан,Целебные травы,52.699014036413374
83,2218-12-20,Кеджистан,Целебные травы,54.453363612748916
84,2218-12-21,Кеджистан,Целебные травы,59.60487914231365
85,2218-12-22,Кеджистан,Целебные травы,56.644096812985055
86,2218-12-23,Кеджистан,Целебные травы,56.69618542478353
87,2218-12-24,Кеджистан,Целебные травы,57.20312144775923
88,2218-12-25,Кеджистан,Целебные травы,58.47377315959346
89,2218-12-26,Кеджистан,Целебные травы,56.75746783458292
0,2218-09-28,Кеджистан,Эльфийская пыльца,66.25795100573299
1,2218-09-29,Кеджистан,Эльфийская пыльца,65.40231903564074
2,2218-09-30,Кеджистан,Эльфийская пыльца,60.67689183868242
3,2218-10-01,Кеджистан,Эльфийская пыльца,65.47400386108099
4,2218-10-02,Кеджистан,Эльфийская пыльца,65.25267711463917
5,2218-10-03,Кеджистан,Эльфийская пыльца,57.34764692633485
6,2218-10-04,Кеджистан,Эльфийская пыльца,62.90364793380158
7,2218-10-05,Кеджистан,Эльфийская пыльца,62.10723836280501
8,2218-10-06,Кеджистан,Эльфийская пыльца,64.26955555258877
9,2218-10-07,Кеджистан,Эльфийская пыльца,63.87874431791596
10,2218-10-08,Кеджистан,Эльфийская пыльца,64.46776865500816
11,2218-10-09,Кеджистан,Эльфийская пыльца,65.61954559538046
12,2218-10-10,Кеджистан,Эльфийская пыльца,66.1830801098352
13,2218-10-11,Кеджистан,Эльфийская пыльца,62.17085276102922
14,2218-10-12,Кеджистан,Эльфийская пыльца,61.873592981170994
15,2218-10-13,Кеджистан,Эльфийская пыльца,62.69106935929631
16,2218-10-14,Кеджистан,Эльфийская пыльца,63.283373770384216
17,2218-10-15,Кеджистан,Эльфийская пыльца,58.707356760154255
18,2218-10-16,Кеджистан,Эльфийская пыльца,61.28328891292593
19,2218-10-17,Кеджистан,Эльфийская пыльца,58.85136293497138
20,2218-10-18,Кеджистан,Эльфийская пыльца,59.671397541973626
21,2218-10-19,Кеджистан,Эльфийская пыльца,57.14215788514083
22,2218-10-20,Кеджистан,Эльфийская пыльца,58.36386483968897
23,2218-10-21,Кеджистан,Эльфийская пыльца,59.21820628134482
24,2218-10-22,Кеджистан,Эльфийская пыльца,59.764747102083305
25,2218-10-23,Кеджистан,Эльфийская пыльца,55.79306223755413
26,2218-10-24,Кеджистан,Эльфийская пыльца,55.881310813152275
27,2218-10-25,Кеджистан,Эльфийская пыльца,55.33847270622765
28,2218-10-26,Кеджистан,Эльфийская пыльца,51.064714742622385
29,2218-10-27,Кеджистан,Эльфийская пыльца,53.11542670461229
30,2218-10-28,Кеджистан,Эльфийская пыльца,55.26388276443808
31,2218-10-29,Кеджистан,Эльфийская пыльца,55.51473973114185
32,2218-10-30,Кеджистан,Эльфийская пыльца,54.011776050007064
33,2218-10-31,Кеджистан,Эльфийская пыльца,48.51686852986152
34,2218-11-01,Кеджистан,Эльфийская пыльца,55.62416160172356
35,2218-11-02,Кеджистан,Эльфийская пыльца,55.12982873373096
36,2218-11-03,Кеджистан,Эльфийская пыльца,50.56941783300133
37,2218-11-04,Кеджистан,Эльфийская пыльца,49.64704609478566
38,2218-11-05,Кеджистан,Эльфийская пыльца,52.7417931066613
39,2218-11-06,Кеджистан,Эльфийская пыльца,55.77970496423774
40,2218-11-07,Кеджистан,Эльфийская пыльца,52.70204854610017
41,2218-11-08,Кеджистан,Эльфийская пыльца,51.735107946794656
42,2218-11-09,Кеджистан,Эльфийская пыльца,52.07572341948549
43,2218-11-10,Кеджистан,Эльфийская пыльца,45.638758095160725
44,2218-11-11,Кеджистан,Эльфийская пыльца,55.35155203096437
45,2218-11-12,Кеджистан,Эльфийская пыльца,49.431240168386786
46,2218-11-13,Кеджистан,Эльфийская пыльца,45.52798278228266
47,2218-11-14,Кеджистан,Эльфийская пыльца,50.97480881484082
48,2218-11-15,Кеджистан,Эльфийская пыльца,52.41402566978472
49,2218-11-16,Кеджистан,Эльфийская пыльца,47.98910276590341
50,2218-11-17,Кеджистан,Эльфийская пыльца,45.30209120278484
51,2218-11-18,Кеджистан,Эльфийская пыльца,51.490582358607284
52,2218-11-19,Кеджистан,Эльфийская пыльца,52.05569706489227
53,2218-11-20,Кеджистан,Эльфийская пыльца,50.557283003970824
54,2218-11-21,Кеджистан,Эльфийская пыльца,51.337700983329434
55,2218-11-22,Кеджистан,Эльфийская пыльца,46.610016208172325
56,2218-11-23,Кеджистан,Эльфийская пыльца,48.8871090815574
57,2218-11-24,Кеджистан,Эльфийская пыльца,49.93982141440215
58,2218-11-25,Кеджистан,Эльфийская пыльца,50.492161315795585
59,2218-11-26,Кеджистан,Эльфийская пыльца,43.27493100786534
60,2218-11-27,Кеджистан,Эльфийская пыльца,49.408116038335045
61,2218-11-28,Кеджистан,Эльфийская пыльца,41.63699135383888
62,2218-11-29,Кеджистан,Эльфийская пыльца,42.97367679862323
63,2218-11-30,Кеджистан,Эльфийская пыльца,49.086340970327825
64,2218-12-01,Кеджистан,Эльфийская пыльца,50.780472170290125
65,2218-12-02,Кеджистан,Эльфийская пыльца,44.2217295552843
66,2218-12-03,Кеджистан,Эльфийская пыльца,45.57720495254004
67,2218-12-04,Кеджистан,Эльфийская пыльца,50.37778771814105
68,2218-12-05,Кеджистан,Эльфийская пыльца,51.52918369495488
69,2218-12-06,Кеджистан,Эльфийская пыльца,50.16180313291689
70,2218-12-07,Кеджистан,Эльфийская пыльца,48.507213006536546
71,2218-12-08,Кеджистан,Эльфийская пыльца,48.90663879325616
72,2218-12-09,Кеджистан,Эльфийская пыльца,52.458152260170934
73,2218-12-10,Кеджистан,Эльфийская пыльца,49.2284201704072
74,2218-12-11,Кеджистан,Эльфийская пыльца,51.99082180651021
75,2218-12-12,Кеджистан,Эльфийская пыльца,52.15341651524457
76,2218-12-13,Кеджистан,Эльфийская пыльца,48.86947627139999
77,2218-12-14,Кеджистан,Эльфийская пыльца,50.517828182718674
78,2218-12-15,Кеджистан,Эльфийская пыльца,53.271802235289016
79,2218-12-16,Кеджистан,Эльфийская пыльца,58.94133908644684
80,2218-12-17,Кеджистан,Эльфийская пыльца,55.40364887563116
81,2218-12-18,Кеджистан,Эльфийская пыльца,55.215139778987705
82,2218-12-19,Кеджистан,Эльфийская пыльца,57.91547241115002
83,2218-12-20,Кеджистан,Эльфийская пыльца,55.85602184665359
84,2218-12-21,Кеджистан,Эльфийская пыльца,57.99649539130057
85,2218-12-22,Кеджистан,Эльфийская пыльца,53.76717534288389
86,2218-12-23,Кеджистан,Эльфийская пыльца,53.24559739627006
87,2218-12-24,Кеджистан,Эльфийская пыльца,53.664681692255776
88,2218-12-25,Кеджистан,Эльфийская пыльца,57.75434458746194
89,2218-12-26,Кеджистан,Эльфийская пыльца,52.28630926152494
0,2218-09-28,Кеджистан,Эстус,60.362844176636585
1,2218-09-29,Кеджистан,Эстус,56.026658571051
2,2218-09-30,Кеджистан,Эстус,56.81668556760131
3,2218-10-01,Кеджистан,Эстус,56.10650748651816
4,2218-10-02,Кеджистан,Эстус,60.955388832634256
5,2218-10-03,Кеджистан,Эстус,59.38406020543188
6,2218-10-04,Кеджистан,Эстус,61.045683182106366
7,2218-10-05,Кеджистан,Эстус,65.46565869801283
8,2218-10-06,Кеджистан,Эстус,56.40552781193641
9,2218-10-07,Кеджистан,Эстус,53.76745429280818
10,2218-10-08,Кеджистан,Эстус,61.01825391910136
11,2218-10-09,Кеджистан,Эстус,56.92044581126129
12,2218-10-10,Кеджистан,Эстус,60.956736740788585
13,2218-10-11,Кеджистан,Эстус,57.48618944131559
14,2218-10-12,Кеджистан,Эстус,63.266330580784434
15,2218-10-13,Кеджистан,Эстус,61.856859745746796
16,2218-10-14,Кеджистан,Эстус,61.2344953722212
17,2218-10-15,Кеджистан,Эстус,57.24821978278836
18,2218-10-16,Кеджистан,Эстус,61.51060169417132
19,2218-10-17,Кеджистан,Эстус,63.8199959845678
20,2218-10-18,Кеджистан,Эстус,60.560421937068504
21,2218-10-19,Кеджистан,Эстус,61.85844190628306
22,2218-10-20,Кеджистан,Эстус,59.85377331449772
23,2218-10-21,Кеджистан,Эстус,62.69936620562535
24,2218-10-22,Кеджистан,Эстус,61.48799468851645
25,2218-10-23,Кеджистан,Эстус,60.53566080494629
26,2218-10-24,Кеджистан,Эстус,57.16337124683327
27,2218-10-25,Кеджистан,Эстус,56.80318972835363
28,2218-10-26,Кеджистан,Эстус,61.373930941978735
29,2218-10-27,Кеджистан,Эстус,58.12154020762107
30,2218-10-28,Кеджистан,Эстус,64.34164349217306
31,2218-10-29,Кеджистан,Эстус,64.60967176374301
32,2218-10-30,Кеджистан,Эстус,63.086896434760774
33,2218-10-31,Кеджистан,Эстус,66.34236179969594
34,2218-11-01,Кеджистан,Эстус,59.53247302650945
35,2218-11-02,Кеджистан,Эстус,66.01130365813103
36,2218-11-03,Кеджистан,Эстус,57.37225378922284
37,2218-11-04,Кеджистан,Эстус,58.21589865008811
38,2218-11-05,Кеджистан,Эстус,57.070872023648
39,2218-11-06,Кеджистан,Эстус,57.15686804586159
40,2218-11-07,Кеджистан,Эстус,56.04051719516979
41,2218-11-08,Кеджистан,Эстус,58.61679799409166
42,2218-11-09,Кеджистан,Эстус,61.54037431040219
43,2218-11-10,Кеджистан,Эстус,59.04392434613854
44,2218-11-11,Кеджистан,Эстус,59.82027390940104
45,2218-11-12,Кеджистан,Эстус,64.80980767057945
46,2218-11-13,Кеджистан,Эстус,61.320803407897245
47,2218-11-14,Кеджистан,Эстус,61.99644803006325
48,2218-11-15,Кеджистан,Эстус,58.29451904465807
49,2218-11-16,Кеджистан,Эстус,55.03733477915865
50,2218-11-17,Кеджистан,Эстус,60.64921991432063
51,2218-11-18,Кеджистан,Эстус,61.55871755013027
52,2218-11-19,Кеджистан,Эстус,64.24874517172718
53,2218-11-20,Кеджистан,Эстус,58.001651059816034
54,2218-11-21,Кеджистан,Эстус,51.825131430880184
55,2218-11-22,Кеджистан,Эстус,55.462448748972406
56,2218-11-23,Кеджистан,Эстус,62.02702866809689
57,2218-11-24,Кеджистан,Эстус,62.355424938311984
58,2218-11-25,Кеджистан,Эстус,59.505722031266764
59,2218-11-26,Кеджистан,Эстус,61.686212188167275
60,2218-11-27,Кеджистан,Эстус,57.10082027951578
61,2218-11-28,Кеджистан,Эстус,60.74449005702056
62,2218-11-29,Кеджистан,Эстус,55.865378088896506
63,2218-11-30,Кеджистан,Эстус,63.960543994016334
64,2218-12-01,Кеджистан,Эстус,55.87123145591031
65,2218-12-02,Кеджистан,Эстус,59.261020555990534
66,2218-12-03,Кеджистан,Эстус,59.24045658482199
67,2218-12-04,Кеджистан,Эстус,62.90936992765016
68,2218-12-05,Кеджистан,Эстус,58.409419101993464
69,2218-12-06,Кеджистан,Эстус,57.49114233328734
70,2218-12-07,Кеджистан,Эстус,62.63700955161207
71,2218-12-08,Кеджистан,Эстус,65.01088717317498
72,2218-12-09,Кеджистан,Эстус,67.6045338584895
73,2218-12-10,Кеджистан,Эстус,56.38998067498885
74,2218-12-11,Кеджистан,Эстус,61.94273436609751
75,2218-12-12,Кеджистан,Эстус,59.54889248998069
76,2218-12-13,Кеджистан,Эстус,61.76406530383367
77,2218-12-14,Кеджистан,Эстус,61.94222347437418
78,2218-12-15,Кеджистан,Эстус,58.627337227351646
79,2218-12-16,Кеджистан,Эстус,64.33208077376621
80,2218-12-17,Кеджистан,Эстус,59.0212244091276
81,2218-12-18,Кеджистан,Эстус,63.199370406177174
82,2218-12-19,Кеджистан,Эстус,61.77392145661268
83,2218-12-20,Кеджистан,Эстус,61.25094886752515
84,2218-12-21,Кеджистан,Эстус,65.46217519653243
85,2218-12-22,Кеджистан,Эстус,61.201989108044465
86,2218-12-23,Кеджистан,Эстус,62.06814378411807
87,2218-12-24,Кеджистан,Эстус,56.796191229478495
88,2218-12-25,Кеджистан,Эстус,60.96688129853437
89,2218-12-26,Кеджистан,Эстус,59.70526393972446
0,2218-09-28,Нокрон,Целебные травы,63.3391510699131
1,2218-09-29,Нокрон,Целебные травы,61.7601767908817
2,2218-09-30,Нокрон,Целебные травы,63.51863795886189
3,2218-10-01,Нокрон,Целебные травы,62.62879137341591
4,2218-10-02,Нокрон,Целебные травы,60.46846874741767
5,2218-10-03,Нокрон,Целебные травы,61.36378250014788
6,2218-10-04,Нокрон,Целебные травы,59.99891471735569
7,2218-10-05,Нокрон,Целебные травы,58.495188947613045
8,2218-10-06,Нокрон,Целебные травы,60.58597011797016
9,2218-10-07,Нокрон,Целебные травы,61.441734124596024
10,2218-10-08,Нокрон,Целебные травы,61.05918425172994
11,2218-10-09,Нокрон,Целебные травы,62.174598304072525
12,2218-10-10,Нокрон,Целебные травы,62.1249257958072
13,2218-10-11,Нокрон,Целебные травы,61.76584908154086
14,2218-10-12,Нокрон,Целебные травы,62.61324206458152
15,2218-10-13,Нокрон,Целебные травы,63.68667773140197
16,2218-10-14,Нокрон,Целебные травы,61.22053470572389
17,2218-10-15,Нокрон,Целебные травы,60.24569870896627
18,2218-10-16,Нокрон,Целебные травы,58.23597762353447
19,2218-10-17,Нокрон,Целебные травы,62.23672331709068
20,2218-10-18,Нокрон,Целебные травы,55.63374886068765
21,2218-10-19,Нокрон,Целебные травы,61.18692839386686
22,2218-10-20,Нокрон,Целебные травы,55.26148604816846
23,2218-10-21,Нокрон,Целебные травы,59.40580735409544
24,2218-10-22,Нокрон,Целебные травы,60.04773978070418
25,2218-10-23,Нокрон,Целебные травы,62.02824450520901
26,2218-10-24,Нокрон,Целебные травы,64.55129030541092
27,2218-10-25,Нокрон,Целебные травы,61.73952322804585
28,2218-10-26,Нокрон,Целебные травы,60.23963013630372
29,2218-10-27,Нокрон,Целебные травы,64.60172715082874
30,2218-10-28,Нокрон,Целебные травы,58.48842231819278
31,2218-10-29,Нокрон,Целебные травы,61.790403839925155
32,2218-10-30,Нокрон,Целебные травы,60.40821291044079
33,2218-10-31,Нокрон,Целебные травы,57.09836426395526
34,2218-11-01,Нокрон,Целебные травы,60.499744323991195
35,2218-11-02,Нокрон,Целебные травы,58.94076175270756
36,2218-11-03,Нокрон,Целебные травы,62.96595980395404
37,2218-11-04,Нокрон,Целебные травы,65.55322867969748
38,2218-11-05,Нокрон,Целебные травы,58.5272273395133
39,2218-11-06,Нокрон,Целебные травы,63.0820363912557
40,2218-11-07,Нокрон,Целебные травы,60.99769392254049
41,2218-11-08,Нокрон,Целебные травы,57.98876677427277
42,2218-11-09,Нокрон,Целебные травы,53.48628761124886
43,2218-11-10,Нокрон,Целебные травы,57.1788564541155
44,2218-11-11,Нокрон,Целебные травы,58.992606996167424
45,2218-11-12,Нокрон,Целебные травы,59.8274608749605
46,2218-11-13,Нокрон,Целебные травы,53.2137061498109
47,2218-11-14,Нокрон,Целебные травы,57.28499044729978
48,2218-11-15,Нокрон,Целебные травы,60.307041209698724
49,2218-11-16,Нокрон,Целебные травы,61.28546409283932
50,2218-11-17,Нокрон,Целебные травы,63.572469115763916
51,2218-11-18,Нокрон,Целебные травы,55.99939940452775
52,2218-11-19,Нокрон,Целебные травы,52.46297423135964
53,2218-11-20,Нокрон,Целебные травы,64.50423766670833
54,2218-11-21,Нокрон,Целебные травы,60.12618453313081
55,2218-11-22,Нокрон,Целебные травы,55.58400089584202
56,2218-11-23,Нокрон,Целебные травы,62.53430859591202
57,2218-11-24,Нокрон,Целебные травы,54.42776162562007
58,2218-11-25,Нокрон,Целебные травы,53.662100128970195
59,2218-11-26,Нокрон,Целебные травы,59.00437268928605
60,2218-11-27,Нокрон,Целебные травы,60.67438121141617
61,2218-11-28,Нокрон,Целебные травы,59.167845712448596
62,2218-11-29,Нокрон,Целебные травы,58.04602994723206
63,2218-11-30,Нокрон,Целебные травы,57.64859626317868
64,2218-12-01,Нокрон,Целебные травы,62.359452835213624
65,2218-12-02,Нокрон,Целебные травы,59.86373772588138
66,2218-12-03,Нокрон,Целебные травы,56.97765782954711
67,2218-12-04,Нокрон,Целебные травы,57.7379937995763
68,2218-12-05,Нокрон,Целебные травы,60.0519733840482
69,2218-12-06,Нокрон,Целебные травы,60.4092668058712
70,2218-12-07,Нокрон,Целебные травы,61.74273590792253
71,2218-12-08,Нокрон,Целебные травы,57.156867408074355
72,2218-12-09,Нокрон,Целебные травы,59.478436389968614
73,2218-12-10,Нокрон,Целебные травы,61.24430775814614
74,2218-12-11,Нокрон,Целебные травы,59.40860685083561
75,2218-12-12,Нокрон,Целебные травы,61.03540476357978
76,2218-12-13,Нокрон,Целебные травы,59.45818509591158
77,2218-12-14,Нокрон,Целебные травы,63.92234220785975
78,2218-12-15,Нокрон,Целебные травы,62.89129518790701
79,2218-12-16,Нокрон,Целебные травы,58.357464622997966
80,2218-12-17,Нокрон,Целебные травы,60.719804022265194
81,2218-12-18,Нокрон,Целебные травы,61.48561011780982
82,2218-12-19,Нокрон,Целебные травы,60.84595346368681
83,2218-12-20,Нокрон,Целебные травы,61.32790940151022
84,2218-12-21,Нокрон,Целебные травы,60.37081417994805
85,2218-12-22,Нокрон,Целебные травы,63.60334415826869
86,2218-12-23,Нокрон,Целебные травы,61.92843142691971
87,2218-12-24,Нокрон,Целебные травы,57.67778550119651
88,2218-12-25,Нокрон,Целебные травы,59.2219670465954
89,2218-12-26,Нокрон,Целебные травы,63.14141440254335
0,2218-09-28,Нокрон,Эльфийская пыльца,64.57051774990013
1,2218-09-29,Нокрон,Эльфийская пыльца,62.409466577819714
2,2218-09-30,Нокрон,Эльфийская пыльца,62.60475702400637
3,2218-10-01,Нокрон,Эльфийская пыльца,59.023541897146366
4,2218-10-02,Нокрон,Эльфийская пыльца,60.7410631845062
5,2218-10-03,Нокрон,Эльфийская пыльца,56.056080975051515
6,2218-10-04,Нокрон,Эльфийская пыльца,59.431667480792285
7,2218-10-05,Нокрон,Эльфийская пыльца,60.62107250951886
8,2218-10-06,Нокрон,Эльфийская пыльца,61.140908250572835
9,2218-10-07,Нокрон,Эльфийская пыльца,58.098443120033174
10,2218-10-08,Нокрон,Эльфийская пыльца,60.1377431275983
11,2218-10-09,Нокрон,Эльфийская пыльца,58.83451197304719
12,2218-10-10,Нокрон,Эльфийская пыльца,57.984545450510836
13,2218-10-11,Нокрон,Эльфийская пыльца,53.71791415744691
14,2218-10-12,Нокрон,Эльфийская пыльца,56.97605761364865
15,2218-10-13,Нокрон,Эльфийская пыльца,60.221243089027965
16,2218-10-14,Нокрон,Эльфийская пыльца,55.11066953572143
17,2218-10-15,Нокрон,Эльфийская пыльца,56.73451429868651
18,2218-10-16,Нокрон,Эльфийская пыльца,56.5518691622183
19,2218-10-17,Нокрон,Эльфийская пыльца,57.35441199604017
20,2218-10-18,Нокрон,Эльфийская пыльца,54.57629186674032
21,2218-10-19,Нокрон,Эльфийская пыльца,50.927733491277436
22,2218-10-20,Нокрон,Эльфийская пыльца,52.15786073685067
23,2218-10-21,Нокрон,Эльфийская пыльца,50.693379807714955
24,2218-10-22,Нокрон,Эльфийская пыльца,49.04053292971568
25,2218-10-23,Нокрон,Эльфийская пыльца,51.0248479852072
26,2218-10-24,Нокрон,Эльфийская пыльца,50.195016706766054
27,2218-10-25,Нокрон,Эльфийская пыльца,49.33624198873209
28,2218-10-26,Нокрон,Эльфийская пыльца,48.41032025471426
29,2218-10-27,Нокрон,Эльфийская пыльца,45.31156266768156
30,2218-10-28,Нокрон,Эльфийская пыльца,48.104706829234956
31,2218-10-29,Нокрон,Эльфийская пыльца,48.79746152713684
32,2218-10-30,Нокрон,Эльфийская пыльца,44.91683903904536
33,2218-10-31,Нокрон,Эльфийская пыльца,45.61311471758508
34,2218-11-01,Нокрон,Эльфийская пыльца,47.424888836375274
35,2218-11-02,Нокрон,Эльфийская пыльца,50.37111564368482
36,2218-11-03,Нокрон,Эльфийская пыльца,47.73196469900874
37,2218-11-04,Нокрон,Эльфийская пыльца,45.440971469236054
38,2218-11-05,Нокрон,Эльфийская пыльца,43.30581377296718
39,2218-11-06,Нокрон,Эльфийская пыльца,43.13786440152922
40,2218-11-07,Нокрон,Эльфийская пыльца,43.41727281794907
41,2218-11-08,Нокрон,Эльфийская пыльца,45.300022856843384
42,2218-11-09,Нокрон,Эльфийская пыльца,44.389622445927074
43,2218-11-10,Нокрон,Эльфийская пыльца,40.306085428698644
44,2218-11-11,Нокрон,Эльфийская пыльца,44.00782407881029
45,2218-11-12,Нокрон,Эльфийская пыльца,47.84504072649827
46,2218-11-13,Нокрон,Эльфийская пыльца,44.1090175795729
47,2218-11-14,Нокрон,Эльфийская пыльца,40.79255012783358
48,2218-11-15,Нокрон,Эльфийская пыльца,40.262875433887494
49,2218-11-16,Нокрон,Эльфийская пыльца,42.126580911030615
50,2218-11-17,Нокрон,Эльфийская пыльца,40.43200780235828
51,2218-11-18,Нокрон,Эльфийская пыльца,39.20533685163194
52,2218-11-19,Нокрон,Эльфийская пыльца,38.45039467106113
53,2218-11-20,Нокрон,Эльфийская пыльца,39.67420030760599
54,2218-11-21,Нокрон,Эльфийская пыльца,40.22354382099346
55,2218-11-22,Нокрон,Эльфийская пыльца,40.28291432993074
56,2218-11-23,Нокрон,Эльфийская пыльца,40.83856602092345
57,2218-11-24,Нокрон,Эльфийская пыльца,37.75582639423665
58,2218-11-25,Нокрон,Эльфийская пыльца,37.80991111910493
59,2218-11-26,Нокрон,Эльфийская пыльца,40.34825153309549
60,2218-11-27,Нокрон,Эльфийская пыльца,43.57043575920908
61,2218-11-28,Нокрон,Эльфийская пыльца,45.13253993148475
62,2218-11-29,Нокрон,Эльфийская пыльца,42.70690190140604
63,2218-11-30,Нокрон,Эльфийская пыльца,40.0427716627889
64,2218-12-01,Нокрон,Эльфийская пыльца,40.44903692844471
65,2218-12-02,Нокрон,Эльфийская пыльца,43.88145472586022
66,2218-12-03,Нокрон,Эльфийская пыльца,43.73656307752767
67,2218-12-04,Нокрон,Эльфийская пыльца,43.550208324613145
68,2218-12-05,Нокрон,Эльфийская пыльца,42.25254872497784
69,2218-12-06,Нокрон,Эльфийская пыльца,45.65660370332741
70,2218-12-07,Нокрон,Эльфийская пыльца,49.24853453763565
71,2218-12-08,Нокрон,Эльфийская пыльца,51.669319069082114
72,2218-12-09,Нокрон,Эльфийская пыльца,51.017621873246014
73,2218-12-10,Нокрон,Эльфийская пыльца,51.01144441790447
74,2218-12-11,Нокрон,Эльфийская пыльца,53.58783127658205
75,2218-12-12,Нокрон,Эльфийская пыльца,44.828841116113104
76,2218-12-13,Нокрон,Эльфийская пыльца,47.78506936960912
77,2218-12-14,Нокрон,Эльфийская пыльца,48.45645708683334
78,2218-12-15,Нокрон,Эльфийская пыльца,50.64369036860323
79,2218-12-16,Нокрон,Эльфийская пыльца,46.30534808747926
80,2218-12-17,Нокрон,Эльфийская пыльца,46.90103121265632
81,2218-12-18,Нокрон,Эльфийская пыльца,49.13425734179505
82,2218-12-19,Нокрон,Эльфийская пыльца,49.88571788047098
83,2218-12-20,Нокрон,Эльфийская пыльца,49.527056694442756
84,2218-12-21,Нокрон,Эльфийская пыльца,49.12892440371257
85,2218-12-22,Нокрон,Эльфийская пыльца,54.078795861428
86,2218-12-23,Нокрон,Эльфийская пыльца,55.15984587249565
87,2218-12-24,Нокрон,Эльфийская пыльца,53.760857119752174
88,2218-12-25,Нокрон,Эльфийская пыльца,55.92539849384974
89,2218-12-26,Нокрон,Эльфийская пыльца,55.687574969175444
0,2218-09-28,Нокрон,Эстус,62.41717297637512
1,2218-09-29,Нокрон,Эстус,57.94634452526572
2,2218-09-30,Нокрон,Эстус,65.53332102849089
3,2218-10-01,Нокрон,Эстус,62.50726421238545
4,2218-10-02,Нокрон,Эстус,66.33201263793518
5,2218-10-03,Нокрон,Эстус,63.42735505434054
6,2218-10-04,Нокрон,Эстус,64.23476338788475
7,2218-10-05,Нокрон,Эстус,62.93995167346274
8,2218-10-06,Нокрон,Эстус,66.86041314770193
9,2218-10-07,Нокрон,Эстус,65.54454556442974
10,2218-10-08,Нокрон,Эстус,62.27727009362739
11,2218-10-09,Нокрон,Эстус,64.87421930427149
12,2218-10-10,Нокрон,Эстус,59.21719030860198
13,2218-10-11,Нокрон,Эстус,64.11736617628995
14,2218-10-12,Нокрон,Эстус,63.18720676012275
15,2218-10-13,Нокрон,Эстус,56.772043325422686
16,2218-10-14,Нокрон,Эстус,65.14348006024349
17,2218-10-15,Нокрон,Эстус,63.813852478247725
18,2218-10-16,Нокрон,Эстус,59.449745023356904
19,2218-10-17,Нокрон,Эстус,64.1851863484822
20,2218-10-18,Нокрон,Эстус,60.93324099877254
21,2218-10-19,Нокрон,Эстус,64.7616985682067
22,2218-10-20,Нокрон,Эстус,63.440150369869926
23,2218-10-21,Нокрон,Эстус,64.3616794301762
24,2218-10-22,Нокрон,Эстус,67.99073616637934
25,2218-10-23,Нокрон,Эстус,63.40251286044312
26,2218-10-24,Нокрон,Эстус,56.090778835468484
27,2218-10-25,Нокрон,Эстус,66.46495266732508
28,2218-10-26,Нокрон,Эстус,62.234695020112405
29,2218-10-27,Нокрон,Эстус,62.4039151526803
30,2218-10-28,Нокрон,Эстус,63.404926976005676
31,2218-10-29,Нокрон,Эстус,63.841623768863606
32,2218-10-30,Нокрон,Эстус,60.71471259768411
33,2218-10-31,Нокрон,Эстус,63.9990769698004
34,2218-11-01,Нокрон,Эстус,60.01566899435961
35,2218-11-02,Нокрон,Эстус,61.10034626672362
36,2218-11-03,Нокрон,Эстус,66.47955032801678
37,2218-11-04,Нокрон,Эстус,65.63090658782949
38,2218-11-05,Нокрон,Эстус,68.6548699412272
39,2218-11-06,Нокрон,Эстус,64.69027556932446
40,2218-11-07,Нокрон,Эстус,59.444290891371246
41,2218-11-08,Нокрон,Эстус,65.15489829023919
42,2218-11-09,Нокрон,Эстус,60.65113332792673
43,2218-11-10,Нокрон,Эстус,60.96141872673162
44,2218-11-11,Нокрон,Эстус,61.1856828476666
45,2218-11-12,Нокрон,Эстус,61.44006636170139
46,2218-11-13,Нокрон,Эстус,65.02838491863385
47,2218-11-14,Нокрон,Эстус,63.239142203266944
48,2218-11-15,Нокрон,Эстус,56.471908416325334
49,2218-11-16,Нокрон,Эстус,58.388887378414346
50,2218-11-17,Нокрон,Эстус,62.124093124217545
51,2218-11-18,Нокрон,Эстус,60.8744421819975
52,2218-11-19,Нокрон,Эстус,60.6928315847004
53,2218-11-20,Нокрон,Эстус,54.80273572562316
54,2218-11-21,Нокрон,Эстус,62.21794588487783
55,2218-11-22,Нокрон,Эстус,60.43250400961318
56,2218-11-23,Нокрон,Эстус,60.33322969489219
57,2218-11-24,Нокрон,Эстус,60.36091690102592
58,2218-11-25,Нокрон,Эстус,62.62620274585373
59,2218-11-26,Нокрон,Эстус,64.15145150844381
60,2218-11-27,Нокрон,Эстус,61.65503147646125
61,2218-11-28,Нокрон,Эстус,63.89052808620566
62,2218-11-29,Нокрон,Эстус,66.99158963568415
63,2218-11-30,Нокрон,Эстус,62.754560760688214
64,2218-12-01,Нокрон,Эстус,59.92810691557976
65,2218-12-02,Нокрон,Эстус,62.31556929741148
66,2218-12-03,Нокрон,Эстус,63.46004517033629
67,2218-12-04,Нокрон,Эстус,64.5143071873928
68,2218-12-05,Нокрон,Эстус,65.09185837233616
69,2218-12-06,Нокрон,Эстус,66.10262346367422
70,2218-12-07,Нокрон,Эстус,61.65375740957103
71,2218-12-08,Нокрон,Эстус,64.30126922288045
72,2218-12-09,Нокрон,Эстус,64.82355987563791
73,2218-12-10,Нокрон,Эстус,64.13106572383901
74,2218-12-11,Нокрон,Эстус,60.45211351799724
75,2218-12-12,Нокрон,Эстус,62.71420052525703
76,2218-12-13,Нокрон,Эстус,62.95937131099634
77,2218-12-14,Нокрон,Эстус,63.400135940034126
78,2218-12-15,Нокрон,Эстус,64.99814527427971
79,2218-12-16,Нокрон,Эстус,63.253630944122676
80,2218-12-17,Нокрон,Эстус,63.65089190444567
81,2218-12-18,Нокрон,Эстус,66.45037818945241
82,2218-12-19,Нокрон,Эстус,70.71097476390675
83,2218-12-20,Нокрон,Эстус,69.42233682611531
84,2218-12-21,Нокрон,Эстус,71.44031117617925
85,2218-12-22,Нокрон,Эстус,63.22105056629471
86,2218-12-23,Нокрон,Эстус,69.95113608734721
87,2218-12-24,Нокрон,Эстус,63.31075102886295
88,2218-12-25,Нокрон,Эстус,61.47782715524114
89,2218-12-26,Нокрон,Эстус,62.869093222215525
0,2218-09-28,Фалькония,Целебные травы,62.55169515130846
1,2218-09-29,Фалькония,Целебные травы,63.25871789278156
2,2218-09-30,Фалькония,Целебные травы,63.01390638165332
3,2218-10-01,Фалькония,Целебные травы,63.21977537094422
4,2218-10-02,Фалькония,Целебные травы,61.664413103308085
5,2218-10-03,Фалькония,Целебные травы,61.77915869750282
6,2218-10-04,Фалькония,Целебные травы,65.13949517213942
7,2218-10-05,Фалькония,Целебные травы,66.92930212989901
8,2218-10-06,Фалькония,Целебные травы,66.10335268805545
9,2218-10-07,Фалькония,Целебные травы,63.92313778450139
10,2218-10-08,Фалькония,Целебные травы,62.69797641947779
11,2218-10-09,Фалькония,Целебные травы,62.95867686223498
12,2218-10-10,Фалькония,Целебные травы,67.1999780751289
13,2218-10-11,Фалькония,Целебные травы,63.412406878888646
14,2218-10-12,Фалькония,Целебные травы,63.7104866285004
15,2218-10-13,Фалькония,Целебные травы,63.22767685235819
16,2218-10-14,Фалькония,Целебные травы,61.5762645644169
17,2218-10-15,Фалькония,Целебные травы,65.64874276733016
18,2218-10-16,Фалькония,Целебные травы,63.44036388358194
19,2218-10-17,Фалькония,Целебные травы,65.81396213487602
20,2218-10-18,Фалькония,Целебные травы,65.85896144977046
21,2218-10-19,Фалькония,Целебные травы,65.38423392582719
22,2218-10-20,Фалькония,Целебные травы,60.170679646122736
23,2218-10-21,Фалькония,Целебные травы,67.61735645289235
24,2218-10-22,Фалькония,Целебные травы,62.6156952171254
25,2218-10-23,Фалькония,Целебные травы,63.73064891616042
26,2218-10-24,Фалькония,Целебные травы,61.266796324601124
27,2218-10-25,Фалькония,Целебные травы,62.59612939533462
28,2218-10-26,Фалькония,Целебные травы,66.06609465038125
29,2218-10-27,Фалькония,Целебные травы,64.72137345603782
30,2218-10-28,Фалькония,Целебные травы,63.39091052310621
31,2218-10-29,Фалькония,Целебные травы,66.92583684744916
32,2218-10-30,Фалькония,Целебные травы,62.11688626070988
33,2218-10-31,Фалькония,Целебные травы,67.68114184107692
34,2218-11-01,Фалькония,Целебные травы,64.65691311175478
35,2218-11-02,Фалькония,Целебные травы,64.18167374424975
36,2218-11-03,Фалькония,Целебные травы,67.99403527137383
37,2218-11-04,Фалькония,Целебные травы,63.778052616115204
38,2218-11-05,Фалькония,Целебные травы,65.73705427563571
39,2218-11-06,Фалькония,Целебные травы,61.69763024150559
40,2218-11-07,Фалькония,Целебные травы,60.05809845484112
41,2218-11-08,Фалькония,Целебные травы,62.73955963484813
42,2218-11-09,Фалькония,Целебные травы,61.442987842606506
43,2218-11-10,Фалькония,Целебные травы,61.36644808672737
44,2218-11-11,Фалькония,Целебные травы,65.35882721193975
45,2218-11-12,Фалькония,Целебные травы,65.01082183131903
46,2218-11-13,Фалькония,Целебные травы,64.51589843019377
47,2218-11-14,Фалькония,Целебные травы,65.67922441668269
48,2218-11-15,Фалькония,Целебные травы,66.64744814418395
49,2218-11-16,Фалькония,Целебные травы,63.69852291163138
50,2218-11-17,Фалькония,Целебные травы,65.25280944068312
51,2218-11-18,Фалькония,Целебные травы,64.85994286956
52,2218-11-19,Фалькония,Целебные травы,66.84288867218477
53,2218-11-20,Фалькония,Целебные травы,69.23453164931215
54,2218-11-21,Фалькония,Целебные травы,65.44696470967548
55,2218-11-22,Фалькония,Целебные травы,69.48146224662094
56,2218-11-23,Фалькония,Целебные травы,64.98139608623988
57,2218-11-24,Фалькония,Целебные травы,65.74854787819827
58,2218-11-25,Фалькония,Целебные травы,65.1577110600016
59,2218-11-26,Фалькония,Целебные травы,66.74695009629778
60,2218-11-27,Фалькония,Целебные травы,67.81807965706128
61,2218-11-28,Фалькония,Целебные травы,65.96288985280796
62,2218-11-29,Фалькония,Целебные травы,62.99810456796866
63,2218-11-30,Фалькония,Целебные травы,63.72045603962799
64,2218-12-01,Фалькония,Целебные травы,61.4608877768938
65,2218-12-02,Фалькония,Целебные травы,67.14074763759383
66,2218-12-03,Фалькония,Целебные травы,64.76632292184168
67,2218-12-04,Фалькония,Целебные травы,65.43791487743488
68,2218-12-05,Фалькония,Целебные травы,65.1299877135216
69,2218-12-06,Фалькония,Целебные травы,66.29845423749553
70,2218-12-07,Фалькония,Целебные травы,65.06173427589522
71,2218-12-08,Фалькония,Целебные травы,70.04269135315954
72,2218-12-09,Фалькония,Целебные травы,64.03544374929376
73,2218-12-10,Фалькония,Целебные травы,67.66199599757233
74,2218-12-11,Фалькония,Целебные травы,67.6434786868222
75,2218-12-12,Фалькония,Целебные травы,70.47076423475596
76,2218-12-13,Фалькония,Целебные травы,65.30447209776658
77,2218-12-14,Фалькония,Целебные травы,65.19830441445808
78,2218-12-15,Фалькония,Целебные травы,69.19435552297686
79,2218-12-16,Фалькония,Целебные травы,67.03606617933346
80,2218-12-17,Фалькония,Целебные травы,69.14527013365188
81,2218-12-18,Фалькония,Целебные травы,69.16170907814713
82,2218-12-19,Фалькония,Целебные травы,67.21444907811096
83,2218-12-20,Фалькония,Целебные травы,66.61818327869578
84,2218-12-21,Фалькония,Целебные травы,67.69529157574152
85,2218-12-22,Фалькония,Целебные травы,62.3593437612858
86,2218-12-23,Фалькония,Целебные травы,70.79264754115121
87,2218-12-24,Фалькония,Целебные травы,65.24268031825764
88,2218-12-25,Фалькония,Целебные травы,64.68006942120448
89,2218-12-26,Фалькония,Целебные травы,65.90851954042037
0,2218-09-28,Фалькония,Эльфийская пыльца,59.991423533777336
1,2218-09-29,Фалькония,Эльфийская пыльца,67.24559651813573
2,2218-09-30,Фалькония,Эльфийская пыльца,69.75574584717046
3,2218-10-01,Фалькония,Эльфийская пыльца,68.33932632929486
4,2218-10-02,Фалькония,Эльфийская пыльца,71.14732690889646
5,2218-10-03,Фалькония,Эльфийская пыльца,66.76684447825144
6,2218-10-04,Фалькония,Эльфийская пыльца,69.84004173054468
7,2218-10-05,Фалькония,Эльфийская пыльца,67.23014946773684
8,2218-10-06,Фалькония,Эльфийская пыльца,67.96709474177433
9,2218-10-07,Фалькония,Эльфийская пыльца,66.1325541498752
10,2218-10-08,Фалькония,Эльфийская пыльца,70.53282013020952
11,2218-10-09,Фалькония,Эльфийская пыльца,68.67828815426967
12,2218-10-10,Фалькония,Эльфийская пыльца,68.49374056143118
13,2218-10-11,Фалькония,Эльфийская пыльца,66.50938131177861
14,2218-10-12,Фалькония,Эльфийская пыльца,64.29253210220615
15,2218-10-13,Фалькония,Эльфийская пыльца,62.333789990669814
16,2218-10-14,Фалькония,Эльфийская пыльца,63.72746653238173
17,2218-10-15,Фалькония,Эльфийская пыльца,63.1521826647354
18,2218-10-16,Фалькония,Эльфийская пыльца,58.945881963750224
19,2218-10-17,Фалькония,Эльфийская пыльца,59.80911282870578
20,2218-10-18,Фалькония,Эльфийская пыльца,62.53616993889396
21,2218-10-19,Фалькония,Эльфийская пыльца,64.31968457899131
22,2218-10-20,Фалькония,Эльфийская пыльца,57.401347156347015
23,2218-10-21,Фалькония,Эльфийская пыльца,61.67636187525492
24,2218-10-22,Фалькония,Эльфийская пыльца,61.169988827330464
25,2218-10-23,Фалькония,Эльфийская пыльца,55.34113977345386
26,2218-10-24,Фалькония,Эльфийская пыльца,58.53400692656987
27,2218-10-25,Фалькония,Эльфийская пыльца,52.41492148834976
28,2218-10-26,Фалькония,Эльфийская пыльца,60.25258537307148
29,2218-10-27,Фалькония,Эльфийская пыльца,54.748762660541736
30,2218-10-28,Фалькония,Эльфийская пыльца,56.28711663450596
31,2218-10-29,Фалькония,Эльфийская пыльца,55.06596843371453
32,2218-10-30,Фалькония,Эльфийская пыльца,56.209570820271814
33,2218-10-31,Фалькония,Эльфийская пыльца,53.92656665417875
34,2218-11-01,Фалькония,Эльфийская пыльца,52.96003549162705
35,2218-11-02,Фалькония,Эльфийская пыльца,54.3011733473928
36,2218-11-03,Фалькония,Эльфийская пыльца,57.480200631134416
37,2218-11-04,Фалькония,Эльфийская пыльца,55.33063248536587
38,2218-11-05,Фалькония,Эльфийская пыльца,54.52070153845928
39,2218-11-06,Фалькония,Эльфийская пыльца,51.12241631318074
40,2218-11-07,Фалькония,Эльфийская пыльца,49.437392576212346
41,2218-11-08,Фалькония,Эльфийская пыльца,48.761285998520215
42,2218-11-09,Фалькония,Эльфийская пыльца,52.79686212669673
43,2218-11-10,Фалькония,Эльфийская пыльца,49.25569080219826
44,2218-11-11,Фалькония,Эльфийская пыльца,50.135146951520554
45,2218-11-12,Фалькония,Эльфийская пыльца,48.4618849619309
46,2218-11-13,Фалькония,Эльфийская пыльца,45.86249813426293
47,2218-11-14,Фалькония,Эльфийская пыльца,47.67838691320662
48,2218-11-15,Фалькония,Эльфийская пыльца,49.09922410731823
49,2218-11-16,Фалькония,Эльфийская пыльца,48.44419878761001
50,2218-11-17,Фалькония,Эльфийская пыльца,53.806507517486395
51,2218-11-18,Фалькония,Эльфийская пыльца,52.605272699845216
52,2218-11-19,Фалькония,Эльфийская пыльца,46.68762046320934
53,2218-11-20,Фалькония,Эльфийская пыльца,48.47857803234266
54,2218-11-21,Фалькония,Эльфийская пыльца,47.318384275513125
55,2218-11-22,Фалькония,Эльфийская пыльца,47.98119303785226
56,2218-11-23,Фалькония,Эльфийская пыльца,45.50594697908045
57,2218-11-24,Фалькония,Эльфийская пыльца,49.208366548902134
58,2218-11-25,Фалькония,Эльфийская пыльца,49.40397338864905
59,2218-11-26,Фалькония,Эльфийская пыльца,47.88887442273081
60,2218-11-27,Фалькония,Эльфийская пыльца,45.77911485934425
61,2218-11-28,Фалькония,Эльфийская пыльца,47.361309932194445
62,2218-11-29,Фалькония,Эльфийская пыльца,48.776117514733926
63,2218-11-30,Фалькония,Эльфийская пыльца,49.472043211205495
64,2218-12-01,Фалькония,Эльфийская пыльца,50.578750159494646
65,2218-12-02,Фалькония,Эльфийская пыльца,51.52982831314996
66,2218-12-03,Фалькония,Эльфийская пыльца,46.83639995225655
67,2218-12-04,Фалькония,Эльфийская пыльца,51.19406098651882
68,2218-12-05,Фалькония,Эльфийская пыльца,54.82694626903051
69,2218-12-06,Фалькония,Эльфийская пыльца,55.06610432263408
70,2218-12-07,Фалькония,Эльфийская пыльца,52.706800395084954
71,2218-12-08,Фалькония,Эльфийская пыльца,51.712218778991115
72,2218-12-09,Фалькония,Эльфийская пыльца,48.93013881176775
73,2218-12-10,Фалькония,Эльфийская пыльца,58.03848325773646
74,2218-12-11,Фалькония,Эльфийская пыльца,52.73908354906901
75,2218-12-12,Фалькония,Эльфийская пыльца,55.17320886812677
76,2218-12-13,Фалькония,Эльфийская пыльца,53.175425424544976
77,2218-12-14,Фалькония,Эльфийская пыльца,59.67835703769006
78,2218-12-15,Фалькония,Эльфийская пыльца,57.194219512575906
79,2218-12-16,Фалькония,Эльфийская пыльца,52.776029162365475
80,2218-12-17,Фалькония,Эльфийская пыльца,54.948278222909146
81,2218-12-18,Фалькония,Эльфийская пыльца,58.09257586043447
82,2218-12-19,Фалькония,Эльфийская пыльца,54.432229441227214
83,2218-12-20,Фалькония,Эльфийская пыльца,60.066594955141895
84,2218-12-21,Фалькония,Эльфийская пыльца,59.22311319843773
85,2218-12-22,Фалькония,Эльфийская пыльца,60.72801023887318
86,2218-12-23,Фалькония,Эльфийская пыльца,62.77615544214387
87,2218-12-24,Фалькония,Эльфийская пыльца,61.34415105786259
88,2218-12-25,Фалькония,Эльфийская пыльца,65.09286839753713
89,2218-12-26,Фалькония,Эльфийская пыльца,67.84843670175123
0,2218-09-28,Фалькония,Эстус,63.32278307650866
1,2218-09-29,Фалькония,Эстус,68.1790698903359
2,2218-09-30,Фалькония,Эстус,65.59850108048965
3,2218-10-01,Фалькония,Эстус,64.63387169643222
4,2218-10-02,Фалькония,Эстус,61.32045887543539
5,2218-10-03,Фалькония,Эстус,66.42105039453305
6,2218-10-04,Фалькония,Эстус,67.27484125960864
7,2218-10-05,Фалькония,Эстус,64.62262683671804
8,2218-10-06,Фалькония,Эстус,63.109158243484345
9,2218-10-07,Фалькония,Эстус,63.31249950652958
10,2218-10-08,Фалькония,Эстус,62.35513519794629
11,2218-10-09,Фалькония,Эстус,63.07465621548194
12,2218-10-10,Фалькония,Эстус,63.96216551989305
13,2218-10-11,Фалькония,Эстус,62.11229312317823
14,2218-10-12,Фалькония,Эстус,67.26014990828259
15,2218-10-13,Фалькония,Эстус,58.40925063889185
16,2218-10-14,Фалькония,Эстус,65.35513940204567
17,2218-10-15,Фалькония,Эстус,60.548397741648834
18,2218-10-16,Фалькония,Эстус,62.60971635596754
19,2218-10-17,Фалькония,Эстус,60.7036169899955
20,2218-10-18,Фалькония,Эстус,63.087626622947106
21,2218-10-19,Фалькония,Эстус,63.164108309038504
22,2218-10-20,Фалькония,Эстус,65.03320491054892
23,2218-10-21,Фалькония,Эстус,61.82708768210054
24,2218-10-22,Фалькония,Эстус,61.3657151235552
25,2218-10-23,Фалькония,Эстус,62.45917361449805
26,2218-10-24,Фалькония,Эстус,65.90672394461086
27,2218-10-25,Фалькония,Эстус,65.11877871617914
28,2218-10-26,Фалькония,Эстус,65.72705162376599
29,2218-10-27,Фалькония,Эстус,63.769051355531815
30,2218-10-28,Фалькония,Эстус,62.989497379820726
31,2218-10-29,Фалькония,Эстус,61.11249925792938
32,2218-10-30,Фалькония,Эстус,64.17219565229725
33,2218-10-31,Фалькония,Эстус,63.6757596262667
34,2218-11-01,Фалькония,Эстус,63.9456302012536
35,2218-11-02,Фалькония,Эстус,65.1130097178606
36,2218-11-03,Фалькония,Эстус,60.784583080752604
37,2218-11-04,Фалькония,Эстус,63.64719300013837
38,2218-11-05,Фалькония,Эстус,64.46768469704051
39,2218-11-06,Фалькония,Эстус,62.37304634508993
40,2218-11-07,Фалькония,Эстус,66.01024320451484
41,2218-11-08,Фалькония,Эстус,63.14014194543786
42,2218-11-09,Фалькония,Эстус,62.808547167754995
43,2218-11-10,Фалькония,Эстус,66.72196817907503
44,2218-11-11,Фалькония,Эстус,65.30223526012232
45,2218-11-12,Фалькония,Эстус,61.704299402833705
46,2218-11-13,Фалькония,Эстус,62.621833866143454
47,2218-11-14,Фалькония,Эстус,63.84826595187438
48,2218-11-15,Фалькония,Эстус,64.13162706069821
49,2218-11-16,Фалькония,Эстус,68.56704895881936
50,2218-11-17,Фалькония,Эстус,67.73699178607448
51,2218-11-18,Фалькония,Эстус,61.96054130127047
52,2218-11-19,Фалькония,Эстус,63.164833028089
53,2218-11-20,Фалькония,Эстус,67.65889227077504
54,2218-11-21,Фалькония,Эстус,66.18376594783575
55,2218-11-22,Фалькония,Эстус,62.67217972831066
56,2218-11-23,Фалькония,Эстус,65.1560338518785
57,2218-11-24,Фалькония,Эстус,65.95157738682585
58,2218-11-25,Фалькония,Эстус,62.02639449128005
59,2218-11-26,Фалькония,Эстус,66.14740571952073
60,2218-11-27,Фалькония,Эстус,66.66523700767168
61,2218-11-28,Фалькония,Эстус,68.02492708558164
62,2218-11-29,Фалькония,Эстус,64.19531098850358
63,2218-11-30,Фалькония,Эстус,62.589188585822626
64,2218-12-01,Фалькония,Эстус,62.8396476805492
65,2218-12-02,Фалькония,Эстус,67.26374949034201
66,2218-12-03,Фалькония,Эстус,63.070926726264766
67,2218-12-04,Фалькония,Эстус,61.55977522727099
68,2218-12-05,Фалькония,Эстус,62.26227599266151
69,2218-12-06,Фалькония,Эстус,68.60951405185811
70,2218-12-07,Фалькония,Эстус,65.04352099936249
71,2218-12-08,Фалькония,Эстус,63.53004778601515
72,2218-12-09,Фалькония,Эстус,64.5417997335026
73,2218-12-10,Фалькония,Эстус,68.73358531561463
74,2218-12-11,Фалькония,Эстус,64.537290346099
75,2218-12-12,Фалькония,Эстус,65.81249906651551
76,2218-12-13,Фалькония,Эстус,65.04701753771772
77,2218-12-14,Фалькония,Эстус,65.84667098386142
78,2218-12-15,Фалькония,Эстус,64.06568876177576
79,2218-12-16,Фалькония,Эстус,65.00282957834231
80,2218-12-17,Фалькония,Эстус,68.18535567260614
81,2218-12-18,Фалькония,Эстус,69.25059642628754
82,2218-12-19,Фалькония,Эстус,67.94587981553319
83,2218-12-20,Фалькония,Эстус,67.33875424140895
84,2218-12-21,Фалькония,Эстус,66.66977885999297
85,2218-12-22,Фалькония,Эстус,66.52843900762797
86,2218-12-23,Фалькония,Эстус,69.02165153141144
87,2218-12-24,Фалькония,Эстус,64.67456374515577
88,2218-12-25,Фалькония,Эстус,65.1218334953768
89,2218-12-26,Фалькония,Эстус,67.67892479650352
