,date,place,product,cost
0,2218-09-28,Анор Лондо,Целебные травы,8.195510180789304
1,2218-09-29,Анор Лондо,Целебные травы,8.008703598554643
2,2218-09-30,Анор Лондо,Целебные травы,7.6324452261164994
3,2218-10-01,Анор Лондо,Целебные травы,7.537205915059821
4,2218-10-02,Анор Лондо,Целебные травы,7.429368511213576
5,2218-10-03,Анор Лондо,Целебные травы,7.278522822000832
6,2218-10-04,Анор Лондо,Целебные травы,7.248971468027023
7,2218-10-05,Анор Лондо,Целебные травы,7.142302771654571
8,2218-10-06,Анор Лондо,Целебные травы,7.092107353256284
9,2218-10-07,Анор Лондо,Целебные травы,6.895009621864346
10,2218-10-08,Анор Лондо,Целебные травы,6.872295061999742
11,2218-10-09,Анор Лондо,Целебные травы,6.851204918719315
12,2218-10-10,Анор Лондо,Целебные травы,6.726260509775121
13,2218-10-11,Анор Лондо,Целебные травы,6.5792833079118935
14,2218-10-12,Анор Лондо,Целебные травы,6.722867999818748
15,2218-10-13,Анор Лондо,Целебные травы,6.839646386008379
16,2218-10-14,Анор Лондо,Целебные травы,6.940142005297106
17,2218-10-15,Анор Лондо,Целебные травы,7.042300681295976
18,2218-10-16,Анор Лондо,Целебные травы,7.098778608589635
19,2218-10-17,Анор Лондо,Целебные травы,7.119613870588733
20,2218-10-18,Анор Лондо,Целебные травы,7.102945973547987
21,2218-10-19,Анор Лондо,Целебные травы,7.108046614031993
22,2218-10-20,Анор Лондо,Целебные травы,7.134886444627408
23,2218-10-21,Анор Лондо,Целебные травы,7.161043075167405
24,2218-10-22,Анор Лондо,Целебные травы,7.1437649564232935
25,2218-10-23,Анор Лондо,Целебные травы,7.140220049767568
26,2218-10-24,Анор Лондо,Целебные травы,7.125718179996112
27,2218-10-25,Анор Лондо,Целебные травы,7.116421080236121
28,2218-10-26,Анор Лондо,Целебные травы,6.9902532565919895
29,2218-10-27,Анор Лондо,Целебные травы,6.970437279603435
30,2218-10-28,Анор Лондо,Целебные травы,6.938480393838848
31,2218-10-29,Анор Лондо,Целебные травы,6.895748970839935
32,2218-10-30,Анор Лондо,Целебные травы,6.8416243479038075
33,2218-10-31,Анор Лондо,Целебные травы,6.879443546355946
34,2218-11-01,Анор Лондо,Целебные травы,6.90908198341975
35,2218-11-02,Анор Лондо,Целебные травы,6.795839768239602
36,2218-11-03,Анор Лондо,Целебные травы,6.824695668532179
37,2218-11-04,Анор Лондо,Целебные травы,6.844638987787116
38,2218-11-05,Анор Лондо,Целебные травы,6.861828688693799
39,2218-11-06,Анор Лондо,Целебные травы,6.910157371108345
40,2218-11-07,Анор Лондо,Целебные травы,6.920732536850533
41,2218-11-08,Анор Лондо,Целебные травы,6.922205620254808
42,2218-11-09,Анор Лондо,Целебные травы,6.858174860037071
43,2218-11-10,Анор Лондо,Целебные травы,6.97097468530651
44,2218-11-11,Анор Лондо,Целебные травы,6.946039739906033
45,2218-11-12,Анор Лондо,Целебные травы,6.985648621151937
46,2218-11-13,Анор Лондо,Целебные травы,7.023802756043869
47,2218-11-14,Анор Лондо,Целебные травы,7.115468757270543
48,2218-11-15,Анор Лондо,Целебные травы,7.16408935001641
49,2218-11-16,Анор Лондо,Целебные травы,7.115161354747771
50,2218-11-17,Анор Лондо,Целебные травы,7.076050190132861
51,2218-11-18,Анор Лондо,Целебные травы,7.045270454232132
52,2218-11-19,Анор Лондо,Целебные травы,7.07297756755873
53,2218-11-20,Анор Лондо,Целебные травы,7.096360371192851
54,2218-11-21,Анор Лондо,Целебные травы,7.134742684591575
55,2218-11-22,Анор Лондо,Целебные травы,7.159018533985076
56,2218-11-23,Анор Лондо,Целебные травы,7.060133196162964
57,2218-11-24,Анор Лондо,Целебные травы,7.023712262984758
58,2218-11-25,Анор Лондо,Целебные травы,6.94086477692301
59,2218-11-26,Анор Лондо,Целебные травы,6.902649688231334
60,2218-11-27,Анор Лондо,Целебные травы,6.913683924002032
61,2218-11-28,Анор Лондо,Целебные травы,6.9708721885603255
62,2218-11-29,Анор Лондо,Целебные травы,6.9777904724876585
63,2218-11-30,Анор Лондо,Целебные травы,7.080538213259573
64,2218-12-01,Анор Лондо,Целебные травы,7.119924391137694
65,2218-12-02,Анор Лондо,Целебные травы,7.19406539006672
66,2218-12-03,Анор Лондо,Целебные травы,7.257399664211592
67,2218-12-04,Анор Лондо,Целебные травы,7.310917761140447
68,2218-12-05,Анор Лондо,Целебные травы,7.288272337322382
69,2218-12-06,Анор Лондо,Целебные травы,7.316529345135305
70,2218-12-07,Анор Лондо,Целебные травы,7.335841856935873
71,2218-12-08,Анор Лондо,Целебные травы,7.303346587426097
72,2218-12-09,Анор Лондо,Целебные травы,7.295657612147151
73,2218-12-10,Анор Лондо,Целебные травы,7.362406172847012
74,2218-12-11,Анор Лондо,Целебные травы,7.26584517475381
75,2218-12-12,Анор Лондо,Целебные травы,7.245620659386496
76,2218-12-13,Анор Лондо,Целебные травы,7.212609231398398
77,2218-12-14,Анор Лондо,Целебные травы,7.250445430783335
78,2218-12-15,Анор Лондо,Целебные травы,7.303477879416587
79,2218-12-16,Анор Лондо,Целебные травы,7.36282691044537
80,2218-12-17,Анор Лондо,Целебные травы,7.372043314258808
81,2218-12-18,Анор Лондо,Целебные травы,7.339376544785747
82,2218-12-19,Анор Лондо,Целебные травы,7.342019582274082
83,2218-12-20,Анор Лондо,Целебные травы,7.374169025832503
84,2218-12-21,Анор Лондо,Целебные травы,7.353874198494565
85,2218-12-22,Анор Лондо,Целебные травы,7.346611752958886
86,2218-12-23,Анор Лондо,Целебные травы,7.371972907379147
87,2218-12-24,Анор Лондо,Целебные травы,7.359036920511442
88,2218-12-25,Анор Лондо,Целебные травы,7.35208322457262
89,2218-12-26,Анор Лондо,Целебные травы,7.395386579320027
90,2218-12-27,Анор Лондо,Целебные травы,7.381825273467718
91,2218-12-28,Анор Лондо,Целебные травы,7.32658411928969
92,2218-12-29,Анор Лондо,Целебные травы,7.266135953627543
0,2218-09-28,Анор Лондо,Эльфийская пыльца,8.207944660001692
1,2218-09-29,Анор Лондо,Эльфийская пыльца,8.44306250325799
2,2218-09-30,Анор Лондо,Эльфийская пыльца,8.641227591275229
3,2218-10-01,Анор Лондо,Эльфийская пыльца,8.70943661539372
4,2218-10-02,Анор Лондо,Эльфийская пыльца,9.024960050451211
5,2218-10-03,Анор Лондо,Эльфийская пыльца,9.071826504544942
6,2218-10-04,Анор Лондо,Эльфийская пыльца,9.107446396838654
7,2218-10-05,Анор Лондо,Эльфийская пыльца,9.072113958973205
8,2218-10-06,Анор Лондо,Эльфийская пыльца,9.075279029053846
9,2218-10-07,Анор Лондо,Эльфийская пыльца,9.139862191217606
10,2218-10-08,Анор Лондо,Эльфийская пыльца,9.25806543534791
11,2218-10-09,Анор Лондо,Эльфийская пыльца,9.282717360472178
12,2218-10-10,Анор Лондо,Эльфийская пыльца,9.365707460738012
13,2218-10-11,Анор Лондо,Эльфийская пыльца,9.416971415505417
14,2218-10-12,Анор Лондо,Эльфийская пыльца,9.377949954855879
15,2218-10-13,Анор Лондо,Эльфийская пыльца,9.460886205324062
16,2218-10-14,Анор Лондо,Эльфийская пыльца,9.542791092517474
17,2218-10-15,Анор Лондо,Эльфийская пыльца,9.658694221289533
18,2218-10-16,Анор Лондо,Эльфийская пыльца,9.701187317346626
19,2218-10-17,Анор Лондо,Эльфийская пыльца,9.85722807099443
20,2218-10-18,Анор Лондо,Эльфийская пыльца,10.098385051929842
21,2218-10-19,Анор Лондо,Эльфийская пыльца,10.16272025950435
22,2218-10-20,Анор Лондо,Эльфийская пыльца,10.360506481134596
23,2218-10-21,Анор Лондо,Эльфийская пыльца,10.439563552483978
24,2218-10-22,Анор Лондо,Эльфийская пыльца,10.432778567087306
25,2218-10-23,Анор Лондо,Эльфийская пыльца,10.42983121980306
26,2218-10-24,Анор Лондо,Эльфийская пыльца,10.403710483713978
27,2218-10-25,Анор Лондо,Эльфийская пыльца,10.386941549941614
28,2218-10-26,Анор Лондо,Эльфийская пыльца,10.345483533291201
29,2218-10-27,Анор Лондо,Эльфийская пыльца,10.2892701228478
30,2218-10-28,Анор Лондо,Эльфийская пыльца,10.361294770890755
31,2218-10-29,Анор Лондо,Эльфийская пыльца,10.44885779047944
32,2218-10-30,Анор Лондо,Эльфийская пыльца,10.450184952785406
33,2218-10-31,Анор Лондо,Эльфийская пыльца,10.489873309459023
34,2218-11-01,Анор Лондо,Эльфийская пыльца,10.51726762126171
35,2218-11-02,Анор Лондо,Эльфийская пыльца,10.29624935704516
36,2218-11-03,Анор Лондо,Эльфийская пыльца,10.17775154568632
37,2218-11-04,Анор Лондо,Эльфийская пыльца,10.126770527531068
38,2218-11-05,Анор Лондо,Эльфийская пыльца,10.131692274715135
39,2218-11-06,Анор Лондо,Эльфийская пыльца,10.19308529628589
40,2218-11-07,Анор Лондо,Эльфийская пыльца,10.248007004452205
41,2218-11-08,Анор Лондо,Эльфийская пыльца,10.330059063385988
42,2218-11-09,Анор Лондо,Эльфийская пыльца,10.3495748132325
43,2218-11-10,Анор Лондо,Эльфийская пыльца,10.422359637654063
44,2218-11-11,Анор Лондо,Эльфийская пыльца,10.422584920928871
45,2218-11-12,Анор Лондо,Эльфийская пыльца,10.496509967607132
46,2218-11-13,Анор Лондо,Эльфийская пыльца,10.57756312997088
47,2218-11-14,Анор Лондо,Эльфийская пыльца,10.663954681048367
48,2218-11-15,Анор Лондо,Эльфийская пыльца,10.680379390268143
49,2218-11-16,Анор Лондо,Эльфийская пыльца,10.522949110510254
50,2218-11-17,Анор Лондо,Эльфийская пыльца,10.586645519921811
51,2218-11-18,Анор Лондо,Эльфийская пыльца,10.572528949730811
52,2218-11-19,Анор Лондо,Эльфийская пыльца,10.543337026666478
53,2218-11-20,Анор Лондо,Эльфийская пыльца,10.580204628899546
54,2218-11-21,Анор Лондо,Эльфийская пыльца,10.621299891439772
55,2218-11-22,Анор Лондо,Эльфийская пыльца,10.638472739180074
56,2218-11-23,Анор Лондо,Эльфийская пыльца,10.476051727404242
57,2218-11-24,Анор Лондо,Эльфийская пыльца,10.426535324865297
58,2218-11-25,Анор Лондо,Эльфийская пыльца,10.3210838154259
59,2218-11-26,Анор Лондо,Эльфийская пыльца,10.211315125302955
60,2218-11-27,Анор Лондо,Эльфийская пыльца,10.20487751506865
61,2218-11-28,Анор Лондо,Эльфийская пыльца,10.286886122102961
62,2218-11-29,Анор Лондо,Эльфийская пыльца,10.28514887427066
63,2218-11-30,Анор Лондо,Эльфийская пыльца,10.40454751908358
64,2218-12-01,Анор Лондо,Эльфийская пыльца,10.518796130780068
65,2218-12-02,Анор Лондо,Эльфийская пыльца,10.633930241202915
66,2218-12-03,Анор Лондо,Эльфийская пыльца,10.704422501328438
67,2218-12-04,Анор Лондо,Эльфийская пыльца,10.694156648076618
68,2218-12-05,Анор Лондо,Эльфийская пыльца,10.656676006205874
69,2218-12-06,Анор Лондо,Эльфийская пыльца,10.819658485324386
70,2218-12-07,Анор Лондо,Эльфийская пыльца,10.846084764797709
71,2218-12-08,Анор Лондо,Эльфийская пыльца,10.72768736399683
72,2218-12-09,Анор Лондо,Эльфийская пыльца,10.74307328166821
73,2218-12-10,Анор Лондо,Эльфийская пыльца,10.82092400976123
74,2218-12-11,Анор Лондо,Эльфийская пыльца,10.695563167328611
75,2218-12-12,Анор Лондо,Эльфийская пыльца,10.628208759789217
76,2218-12-13,Анор Лондо,Эльфийская пыльца,10.578018162292196
77,2218-12-14,Анор Лондо,Эльфийская пыльца,10.702907290086808
78,2218-12-15,Анор Лондо,Эльфийская пыльца,10.774385723093886
79,2218-12-16,Анор Лондо,Эльфийская пыльца,10.796499644980809
80,2218-12-17,Анор Лондо,Эльфийская пыльца,10.815739549738305
81,2218-12-18,Анор Лондо,Эльфийская пыльца,10.80001083708172
82,2218-12-19,Анор Лондо,Эльфийская пыльца,10.735430744361931
83,2218-12-20,Анор Лондо,Эльфийская пыльца,10.858901673419922
84,2218-12-21,Анор Лондо,Эльфийская пыльца,10.826154517779608
85,2218-12-22,Анор Лондо,Эльфийская пыльца,10.792294183142847
86,2218-12-23,Анор Лондо,Эльфийская пыльца,10.885500195811739
87,2218-12-24,Анор Лондо,Эльфийская пыльца,10.901236974069457
88,2218-12-25,Анор Лондо,Эльфийская пыльца,10.847719565638693
89,2218-12-26,Анор Лондо,Эльфийская пыльца,10.806994741417038
90,2218-12-27,Анор Лондо,Эльфийская пыльца,10.849723979511914
91,2218-12-28,Анор Лондо,Эльфийская пыльца,10.820327186852133
92,2218-12-29,Анор Лондо,Эльфийская пыльца,10.795387015592233
0,2218-09-28,Анор Лондо,Эстус,5.3955125121836955
1,2218-09-29,Анор Лондо,Эстус,5.349267825298099
2,2218-09-30,Анор Лондо,Эстус,5.343652160705044
3,2218-10-01,Анор Лондо,Эстус,5.386918702537466
4,2218-10-02,Анор Лондо,Эстус,5.4341061716400745
5,2218-10-03,Анор Лондо,Эстус,5.444035544586005
6,2218-10-04,Анор Лондо,Эстус,5.439820721718557
7,2218-10-05,Анор Лондо,Эстус,5.421726686357687
8,2218-10-06,Анор Лондо,Эстус,5.4299477948057095
9,2218-10-07,Анор Лондо,Эстус,5.4421347481487485
10,2218-10-08,Анор Лондо,Эстус,5.425265576159403
11,2218-10-09,Анор Лондо,Эстус,5.428812879812255
12,2218-10-10,Анор Лондо,Эстус,5.459473605988435
13,2218-10-11,Анор Лондо,Эстус,5.424751329810562
14,2218-10-12,Анор Лондо,Эстус,5.469491933845279
15,2218-10-13,Анор Лондо,Эстус,5.494826672838537
16,2218-10-14,Анор Лондо,Эстус,5.539584177409109
17,2218-10-15,Анор Лондо,Эстус,5.641041651312878
18,2218-10-16,Анор Лондо,Эстус,5.776266489365483
19,2218-10-17,Анор Лондо,Эстус,5.852253374924224
20,2218-10-18,Анор Лондо,Эстус,5.896143282613362
21,2218-10-19,Анор Лондо,Эстус,5.893415689961219
22,2218-10-20,Анор Лондо,Эстус,5.920860215421989
23,2218-10-21,Анор Лондо,Эстус,5.948101916044307
24,2218-10-22,Анор Лондо,Эстус,5.976855711689829
25,2218-10-23,Анор Лондо,Эстус,6.002585067609827
26,2218-10-24,Анор Лондо,Эстус,6.014279898586032
27,2218-10-25,Анор Лондо,Эстус,5.990813874056742
28,2218-10-26,Анор Лондо,Эстус,5.938183399372984
29,2218-10-27,Анор Лондо,Эстус,5.914419694227114
30,2218-10-28,Анор Лондо,Эстус,5.889577583248319
31,2218-10-29,Анор Лондо,Эстус,5.883981754447845
32,2218-10-30,Анор Лондо,Эстус,5.851417298980776
33,2218-10-31,Анор Лондо,Эстус,5.848368463110677
34,2218-11-01,Анор Лондо,Эстус,5.88491787311784
35,2218-11-02,Анор Лондо,Эстус,5.789495327705715
36,2218-11-03,Анор Лондо,Эстус,5.818544686348512
37,2218-11-04,Анор Лондо,Эстус,5.825144900272573
38,2218-11-05,Анор Лондо,Эстус,5.841719719800031
39,2218-11-06,Анор Лондо,Эстус,5.878403385360493
40,2218-11-07,Анор Лондо,Эстус,5.877484381828817
41,2218-11-08,Анор Лондо,Эстус,5.889149689925098
42,2218-11-09,Анор Лондо,Эстус,5.837515330116482
43,2218-11-10,Анор Лондо,Эстус,5.950433441642891
44,2218-11-11,Анор Лондо,Эстус,5.9375564349009355
45,2218-11-12,Анор Лондо,Эстус,5.961352425290396
46,2218-11-13,Анор Лондо,Эстус,6.015817784374944
47,2218-11-14,Анор Лондо,Эстус,6.06621024517386
48,2218-11-15,Анор Лондо,Эстус,6.107125436012491
49,2218-11-16,Анор Лондо,Эстус,6.058845940187596
50,2218-11-17,Анор Лондо,Эстус,6.053619453262639
51,2218-11-18,Анор Лондо,Эстус,6.0430381320450515
52,2218-11-19,Анор Лондо,Эстус,6.0065681963276045
53,2218-11-20,Анор Лондо,Эстус,6.027326138453336
54,2218-11-21,Анор Лондо,Эстус,6.07395561690163
55,2218-11-22,Анор Лондо,Эстус,6.098541655421631
56,2218-11-23,Анор Лондо,Эстус,6.018722444355778
57,2218-11-24,Анор Лондо,Эстус,5.985225430434609
58,2218-11-25,Анор Лондо,Эстус,5.917545679012568
59,2218-11-26,Анор Лондо,Эстус,5.877437052143094
60,2218-11-27,Анор Лондо,Эстус,5.916849006153618
61,2218-11-28,Анор Лондо,Эстус,5.953587473652998
62,2218-11-29,Анор Лондо,Эстус,5.958254833228013
63,2218-11-30,Анор Лондо,Эстус,6.007358911856869
64,2218-12-01,Анор Лондо,Эстус,6.037637526188242
65,2218-12-02,Анор Лондо,Эстус,6.076079656773027
66,2218-12-03,Анор Лондо,Эстус,6.1383015289141225
67,2218-12-04,Анор Лондо,Эстус,6.2014227072822905
68,2218-12-05,Анор Лондо,Эстус,6.201276039631129
69,2218-12-06,Анор Лондо,Эстус,6.2736679613653665
70,2218-12-07,Анор Лондо,Эстус,6.270809787434116
71,2218-12-08,Анор Лондо,Эстус,6.244522310033757
72,2218-12-09,Анор Лондо,Эстус,6.259098267098045
73,2218-12-10,Анор Лондо,Эстус,6.300859000523434
74,2218-12-11,Анор Лондо,Эстус,6.227559963724111
75,2218-12-12,Анор Лондо,Эстус,6.2258300723766204
76,2218-12-13,Анор Лондо,Эстус,6.174264946337316
77,2218-12-14,Анор Лондо,Эстус,6.220152436190528
78,2218-12-15,Анор Лондо,Эстус,6.252988737114136
79,2218-12-16,Анор Лондо,Эстус,6.313276872859474
80,2218-12-17,Анор Лондо,Эстус,6.315280571885008
81,2218-12-18,Анор Лондо,Эстус,6.290099020009494
82,2218-12-19,Анор Лондо,Эстус,6.293379461971334
83,2218-12-20,Анор Лондо,Эстус,6.3248947450219575
84,2218-12-21,Анор Лондо,Эстус,6.321920523723843
85,2218-12-22,Анор Лондо,Эстус,6.309993400946084
86,2218-12-23,Анор Лондо,Эстус,6.338578041256714
87,2218-12-24,Анор Лондо,Эстус,6.324151116799348
88,2218-12-25,Анор Лондо,Эстус,6.314179783056571
89,2218-12-26,Анор Лондо,Эстус,6.347568435516545
90,2218-12-27,Анор Лондо,Эстус,6.3327774784670225
91,2218-12-28,Анор Лондо,Эстус,6.298038902169617
92,2218-12-29,Анор Лондо,Эстус,6.241807283622824
0,2218-09-28,Врата Балдура,Целебные травы,12.346775460203375
1,2218-09-29,Врата Балдура,Целебные травы,12.136079256894227
2,2218-09-30,Врата Балдура,Целебные травы,12.143764926556418
3,2218-10-01,Врата Балдура,Целебные травы,12.1812209814188
4,2218-10-02,Врата Балдура,Целебные травы,12.142338603434547
5,2218-10-03,Врата Балдура,Целебные травы,11.919563476802088
6,2218-10-04,Врата Балдура,Целебные травы,11.799879657919323
7,2218-10-05,Врата Балдура,Целебные травы,11.657939955331576
8,2218-10-06,Врата Балдура,Целебные травы,11.193557714244943
9,2218-10-07,Врата Балдура,Целебные травы,10.86965317241015
10,2218-10-08,Врата Балдура,Целебные травы,10.903717152624075
11,2218-10-09,Врата Балдура,Целебные травы,10.76680106179543
12,2218-10-10,Врата Балдура,Целебные травы,10.637482528399794
13,2218-10-11,Врата Балдура,Целебные травы,10.66961353890359
14,2218-10-12,Врата Балдура,Целебные травы,10.700424693996549
15,2218-10-13,Врата Балдура,Целебные травы,10.690345430300319
16,2218-10-14,Врата Балдура,Целебные травы,10.278637319141186
17,2218-10-15,Врата Балдура,Целебные травы,10.235440440399252
18,2218-10-16,Врата Балдура,Целебные травы,10.105226801639313
19,2218-10-17,Врата Балдура,Целебные травы,10.171664605215572
20,2218-10-18,Врата Балдура,Целебные травы,9.936901910362327
21,2218-10-19,Врата Балдура,Целебные травы,10.002615371960594
22,2218-10-20,Врата Балдура,Целебные травы,10.046390837401681
23,2218-10-21,Врата Балдура,Целебные травы,10.137303819311402
24,2218-10-22,Врата Балдура,Целебные травы,9.9121538071656
25,2218-10-23,Врата Балдура,Целебные травы,9.735861728799655
26,2218-10-24,Врата Балдура,Целебные травы,9.50343802491965
27,2218-10-25,Врата Балдура,Целебные травы,9.114164484769967
28,2218-10-26,Врата Балдура,Целебные травы,8.61918434808022
29,2218-10-27,Врата Балдура,Целебные травы,8.520855806871273
30,2218-10-28,Врата Балдура,Целебные травы,8.150862695730552
31,2218-10-29,Врата Балдура,Целебные травы,8.081287711676163
32,2218-10-30,Врата Балдура,Целебные травы,8.02621758362378
33,2218-10-31,Врата Балдура,Целебные травы,7.912291798601699
34,2218-11-01,Врата Балдура,Целебные травы,7.838998259671744
35,2218-11-02,Врата Балдура,Целебные травы,7.699101972681012
36,2218-11-03,Врата Балдура,Целебные травы,7.538897617322092
37,2218-11-04,Врата Балдура,Целебные травы,7.389434604659925
38,2218-11-05,Врата Балдура,Целебные травы,7.338954079226025
39,2218-11-06,Врата Балдура,Целебные травы,7.2592939256387075
40,2218-11-07,Врата Балдура,Целебные травы,7.26106991265963
41,2218-11-08,Врата Балдура,Целебные травы,7.2990021259764095
42,2218-11-09,Врата Балдура,Целебные травы,7.283408568560856
43,2218-11-10,Врата Балдура,Целебные травы,7.386366820557548
44,2218-11-11,Врата Балдура,Целебные травы,7.394959716897399
45,2218-11-12,Врата Балдура,Целебные травы,7.409443107754493
46,2218-11-13,Врата Балдура,Целебные травы,7.451112673207642
47,2218-11-14,Врата Балдура,Целебные травы,7.484236409112487
48,2218-11-15,Врата Балдура,Целебные травы,7.476201278120983
49,2218-11-16,Врата Балдура,Целебные травы,7.395592649454531
50,2218-11-17,Врата Балдура,Целебные травы,7.377370264141584
51,2218-11-18,Врата Балдура,Целебные травы,7.295550810264047
52,2218-11-19,Врата Балдура,Целебные травы,7.316167892209704
53,2218-11-20,Врата Балдура,Целебные травы,7.251516415224055
54,2218-11-21,Врата Балдура,Целебные травы,7.198800449438107
55,2218-11-22,Врата Балдура,Целебные травы,7.16347258112221
56,2218-11-23,Врата Балдура,Целебные травы,7.440700427947692
57,2218-11-24,Врата Балдура,Целебные травы,7.610273697783426
58,2218-11-25,Врата Балдура,Целебные травы,7.862705271640244
59,2218-11-26,Врата Балдура,Целебные травы,8.032394954673304
60,2218-11-27,Врата Балдура,Целебные травы,8.11180552661031
61,2218-11-28,Врата Балдура,Целебные травы,8.355543536850154
62,2218-11-29,Врата Балдура,Целебные травы,8.652728495820963
63,2218-11-30,Врата Балдура,Целебные травы,8.6832241496361
64,2218-12-01,Врата Балдура,Целебные травы,8.691107093951821
65,2218-12-02,Врата Балдура,Целебные травы,8.727286903233512
66,2218-12-03,Врата Балдура,Целебные травы,8.76685490226821
67,2218-12-04,Врата Балдура,Целебные травы,8.985383631106627
68,2218-12-05,Врата Балдура,Целебные травы,9.199604381562377
69,2218-12-06,Врата Балдура,Целебные травы,9.303328950615796
70,2218-12-07,Врата Балдура,Целебные травы,9.231762059464288
71,2218-12-08,Врата Балдура,Целебные травы,9.16012929184718
72,2218-12-09,Врата Балдура,Целебные травы,9.214660939812264
73,2218-12-10,Врата Балдура,Целебные травы,9.165346757444397
74,2218-12-11,Врата Балдура,Целебные травы,9.12579716265139
75,2218-12-12,Врата Балдура,Целебные травы,9.109181469912617
76,2218-12-13,Врата Балдура,Целебные травы,9.039464163106206
77,2218-12-14,Врата Балдура,Целебные травы,9.085757194862826
78,2218-12-15,Врата Балдура,Целебные травы,9.091971855071082
79,2218-12-16,Врата Балдура,Целебные травы,9.06833338070155
80,2218-12-17,Врата Балдура,Целебные травы,9.12161882492309
81,2218-12-18,Врата Балдура,Целебные травы,9.215107570848081
82,2218-12-19,Врата Балдура,Целебные травы,9.291858248627847
83,2218-12-20,Врата Балдура,Целебные травы,9.216086511209893
84,2218-12-21,Врата Балдура,Целебные травы,9.17823879940191
85,2218-12-22,Врата Балдура,Целебные травы,9.06122618993739
86,2218-12-23,Врата Балдура,Целебные травы,9.033595216448692
87,2218-12-24,Врата Балдура,Целебные травы,9.076979658774869
88,2218-12-25,Врата Балдура,Целебные травы,9.117714572845314
89,2218-12-26,Врата Балдура,Целебные травы,9.112291180813909
90,2218-12-27,Врата Балдура,Целебные травы,8.952007695559958
91,2218-12-28,Врата Балдура,Целебные травы,8.760860169303173
92,2218-12-29,Врата Балдура,Целебные травы,8.240061940444484
0,2218-09-28,Врата Балдура,Эльфийская пыльца,20.51692480207899
1,2218-09-29,Врата Балдура,Эльфийская пыльца,20.750001210920125
2,2218-09-30,Врата Балдура,Эльфийская пыльца,21.02593750557765
3,2218-10-01,Врата Балдура,Эльфийская пыльца,20.916133443860954
4,2218-10-02,Врата Балдура,Эльфийская пыльца,20.76197369343662
5,2218-10-03,Врата Балдура,Эльфийская пыльца,20.381098988547926
6,2218-10-04,Врата Балдура,Эльфийская пыльца,19.915293974876683
7,2218-10-05,Врата Балдура,Эльфийская пыльца,19.40027358915021
8,2218-10-06,Врата Балдура,Эльфийская пыльца,18.688519187404342
9,2218-10-07,Врата Балдура,Эльфийская пыльца,17.97822016665547
10,2218-10-08,Врата Балдура,Эльфийская пыльца,17.72704197128445
11,2218-10-09,Врата Балдура,Эльфийская пыльца,17.328076352917023
12,2218-10-10,Врата Балдура,Эльфийская пыльца,17.0932187047801
13,2218-10-11,Врата Балдура,Эльфийская пыльца,16.831504968400438
14,2218-10-12,Врата Балдура,Эльфийская пыльца,16.134100449335264
15,2218-10-13,Врата Балдура,Эльфийская пыльца,15.433320209409066
16,2218-10-14,Врата Балдура,Эльфийская пыльца,14.903304419569446
17,2218-10-15,Врата Балдура,Эльфийская пыльца,14.73172761300921
18,2218-10-16,Врата Балдура,Эльфийская пыльца,14.231823500785174
19,2218-10-17,Врата Балдура,Эльфийская пыльца,14.432734610989208
20,2218-10-18,Врата Балдура,Эльфийская пыльца,14.656618644951774
21,2218-10-19,Врата Балдура,Эльфийская пыльца,14.614556661097017
22,2218-10-20,Врата Балдура,Эльфийская пыльца,14.496359898503593
23,2218-10-21,Врата Балдура,Эльфийская пыльца,14.672133162915264
24,2218-10-22,Врата Балдура,Эльфийская пыльца,14.641060016892299
25,2218-10-23,Врата Балдура,Эльфийская пыльца,14.748719087042437
26,2218-10-24,Врата Балдура,Эльфийская пыльца,14.842191126581021
27,2218-10-25,Врата Балдура,Эльфийская пыльца,14.833868548677334
28,2218-10-26,Врата Балдура,Эльфийская пыльца,14.774402182698942
29,2218-10-27,Врата Балдура,Эльфийская пыльца,14.826738543346611
30,2218-10-28,Врата Балдура,Эльфийская пыльца,14.861228053121405
31,2218-10-29,Врата Балдура,Эльфийская пыльца,14.732709283881897
32,2218-10-30,Врата Балдура,Эльфийская пыльца,14.83307154602289
33,2218-10-31,Врата Балдура,Эльфийская пыльца,14.80304764706862
34,2218-11-01,Врата Балдура,Эльфийская пыльца,14.767436231230207
35,2218-11-02,Врата Балдура,Эльфийская пыльца,14.916556729471909
36,2218-11-03,Врата Балдура,Эльфийская пыльца,14.754074930378172
37,2218-11-04,Врата Балдура,Эльфийская пыльца,14.515332842210112
38,2218-11-05,Врата Балдура,Эльфийская пыльца,14.426644972469965
39,2218-11-06,Врата Балдура,Эльфийская пыльца,14.543061312022644
40,2218-11-07,Врата Балдура,Эльфийская пыльца,14.543584751659528
41,2218-11-08,Врата Балдура,Эльфийская пыльца,14.569824319206079
42,2218-11-09,Врата Балдура,Эльфийская пыльца,14.542807403743222
43,2218-11-10,Врата Балдура,Эльфийская пыльца,14.602392975368128
44,2218-11-11,Врата Балдура,Эльфийская пыльца,14.93159255352424
45,2218-11-12,Врата Балдура,Эльфийская пыльца,14.884801786379802
46,2218-11-13,Врата Балдура,Эльфийская пыльца,14.914139662438494
47,2218-11-14,Врата Балдура,Эльфийская пыльца,14.901841475681262
48,2218-11-15,Врата Балдура,Эльфийская пыльца,14.997814225783955
49,2218-11-16,Врата Балдура,Эльфийская пыльца,15.003426678398553
50,2218-11-17,Врата Балдура,Эльфийская пыльца,15.075546460053577
51,2218-11-18,Врата Балдура,Эльфийская пыльца,14.820357816788942
52,2218-11-19,Врата Балдура,Эльфийская пыльца,14.894589765977539
53,2218-11-20,Врата Балдура,Эльфийская пыльца,14.804606506511425
54,2218-11-21,Врата Балдура,Эльфийская пыльца,14.799018890747911
55,2218-11-22,Врата Балдура,Эльфийская пыльца,14.747756703410374
56,2218-11-23,Врата Балдура,Эльфийская пыльца,14.767091627154734
57,2218-11-24,Врата Балдура,Эльфийская пыльца,14.784008062131614
58,2218-11-25,Врата Балдура,Эльфийская пыльца,14.837274656634177
59,2218-11-26,Врата Балдура,Эльфийская пыльца,14.974616673140316
60,2218-11-27,Врата Балдура,Эльфийская пыльца,14.960263030903416
61,2218-11-28,Врата Балдура,Эльфийская пыльца,14.990103245653968
62,2218-11-29,Врата Балдура,Эльфийская пыльца,15.024979284834123
63,2218-11-30,Врата Балдура,Эльфийская пыльца,15.07131003166156
64,2218-12-01,Врата Балдура,Эльфийская пыльца,15.011805104672202
65,2218-12-02,Врата Балдура,Эльфийская пыльца,14.97532887936319
66,2218-12-03,Врата Балдура,Эльфийская пыльца,14.95883312264594
67,2218-12-04,Врата Балдура,Эльфийская пыльца,15.008102231398928
68,2218-12-05,Врата Балдура,Эльфийская пыльца,14.941855671924166
69,2218-12-06,Врата Балдура,Эльфийская пыльца,14.972759410563157
70,2218-12-07,Врата Балдура,Эльфийская пыльца,14.945086739730833
71,2218-12-08,Врата Балдура,Эльфийская пыльца,14.953729290547281
72,2218-12-09,Врата Балдура,Эльфийская пыльца,14.993544372493746
73,2218-12-10,Врата Балдура,Эльфийская пыльца,15.028609042600086
74,2218-12-11,Врата Балдура,Эльфийская пыльца,15.02027341030734
75,2218-12-12,Врата Балдура,Эльфийская пыльца,14.805449200133243
76,2218-12-13,Врата Балдура,Эльфийская пыльца,14.71154093465462
77,2218-12-14,Врата Балдура,Эльфийская пыльца,14.730782971913582
78,2218-12-15,Врата Балдура,Эльфийская пыльца,14.708776158190974
79,2218-12-16,Врата Балдура,Эльфийская пыльца,14.696748992266786
80,2218-12-17,Врата Балдура,Эльфийская пыльца,14.73021466769589
81,2218-12-18,Врата Балдура,Эльфийская пыльца,14.873024915275387
82,2218-12-19,Врата Балдура,Эльфийская пыльца,14.983159353542145
83,2218-12-20,Врата Балдура,Эльфийская пыльца,14.920697110921626
84,2218-12-21,Врата Балдура,Эльфийская пыльца,14.94418621106381
85,2218-12-22,Врата Балдура,Эльфийская пыльца,14.948052558237425
86,2218-12-23,Врата Балдура,Эльфийская пыльца,14.95935713697149
87,2218-12-24,Врата Балдура,Эльфийская пыльца,14.9774608287044
88,2218-12-25,Врата Балдура,Эльфийская пыльца,14.973593205214522
89,2218-12-26,Врата Балдура,Эльфийская пыльца,14.974758934588413
90,2218-12-27,Врата Балдура,Эльфийская пыльца,14.963973860678035
91,2218-12-28,Врата Балдура,Эльфийская пыльца,14.952757078153393
92,2218-12-29,Врата Балдура,Эльфийская пыльца,15.005662288744174
0,2218-09-28,Врата Балдура,Эстус,7.883749995993736
1,2218-09-29,Врата Балдура,Эстус,7.645305591225983
2,2218-09-30,Врата Балдура,Эстус,7.5917800595219065
3,2218-10-01,Врата Балдура,Эстус,7.555312632966201
4,2218-10-02,Врата Балдура,Эстус,7.830539879772601
5,2218-10-03,Врата Балдура,Эстус,7.759857242192094
6,2218-10-04,Врата Балдура,Эстус,7.8327576853491765
7,2218-10-05,Врата Балдура,Эстус,7.87305341408466
8,2218-10-06,Врата Балдура,Эстус,7.8874262661064884
9,2218-10-07,Врата Балдура,Эстус,7.8242340690416485
10,2218-10-08,Врата Балдура,Эстус,7.684873458849169
11,2218-10-09,Врата Балдура,Эстус,7.688160377593419
12,2218-10-10,Врата Балдура,Эстус,7.731889012232151
13,2218-10-11,Врата Балдура,Эстус,7.773024120967255
14,2218-10-12,Врата Балдура,Эстус,7.736920602166275
15,2218-10-13,Врата Балдура,Эстус,7.793980231277933
16,2218-10-14,Врата Балдура,Эстус,8.150132230808888
17,2218-10-15,Врата Балдура,Эстус,8.160053678438116
18,2218-10-16,Врата Балдура,Эстус,8.13289840074084
19,2218-10-17,Врата Балдура,Эстус,8.245760348885351
20,2218-10-18,Врата Балдура,Эстус,8.263688196098169
21,2218-10-19,Врата Балдура,Эстус,8.262975326236122
22,2218-10-20,Врата Балдура,Эстус,8.51425449561629
23,2218-10-21,Врата Балдура,Эстус,8.829807359618684
24,2218-10-22,Врата Балдура,Эстус,9.101807872495922
25,2218-10-23,Врата Балдура,Эстус,9.36592294367864
26,2218-10-24,Врата Балдура,Эстус,9.536285855267275
27,2218-10-25,Врата Балдура,Эстус,9.61085315179957
28,2218-10-26,Врата Балдура,Эстус,9.589197468686212
29,2218-10-27,Врата Балдура,Эстус,9.716830807276757
30,2218-10-28,Врата Балдура,Эстус,9.769615346503786
31,2218-10-29,Врата Балдура,Эстус,9.685945016754332
32,2218-10-30,Врата Балдура,Эстус,9.652969551657204
33,2218-10-31,Врата Балдура,Эстус,9.575177763055315
34,2218-11-01,Врата Балдура,Эстус,9.647206906576509
35,2218-11-02,Врата Балдура,Эстус,9.70955778322922
36,2218-11-03,Врата Балдура,Эстус,9.818050004314488
37,2218-11-04,Врата Балдура,Эстус,9.939213147668276
38,2218-11-05,Врата Балдура,Эстус,9.881092996670182
39,2218-11-06,Врата Балдура,Эстус,9.858588550714902
40,2218-11-07,Врата Балдура,Эстус,9.858022087102135
41,2218-11-08,Врата Балдура,Эстус,9.834419385757494
42,2218-11-09,Врата Балдура,Эстус,9.83412890754902
43,2218-11-10,Врата Балдура,Эстус,9.829960467105456
44,2218-11-11,Врата Балдура,Эстус,9.860826847419265
45,2218-11-12,Врата Балдура,Эстус,9.981066324442738
46,2218-11-13,Врата Балдура,Эстус,9.902203858720627
47,2218-11-14,Врата Балдура,Эстус,9.926683226096795
48,2218-11-15,Врата Балдура,Эстус,10.015792847717574
49,2218-11-16,Врата Балдура,Эстус,10.536407682579028
50,2218-11-17,Врата Балдура,Эстус,10.80457350438609
51,2218-11-18,Врата Балдура,Эстус,10.896568505379209
52,2218-11-19,Врата Балдура,Эстус,11.138876027900771
53,2218-11-20,Врата Балдура,Эстус,11.163068219462037
54,2218-11-21,Врата Балдура,Эстус,11.149992243901734
55,2218-11-22,Врата Балдура,Эстус,11.031192124285798
56,2218-11-23,Врата Балдура,Эстус,11.101829121430114
57,2218-11-24,Врата Балдура,Эстус,11.229976186565377
58,2218-11-25,Врата Балдура,Эстус,11.352042827316033
59,2218-11-26,Врата Балдура,Эстус,11.394216709245846
60,2218-11-27,Врата Балдура,Эстус,11.360359374971333
61,2218-11-28,Врата Балдура,Эстус,11.390182573645657
62,2218-11-29,Врата Балдура,Эстус,11.39848941124842
63,2218-11-30,Врата Балдура,Эстус,11.551605088036416
64,2218-12-01,Врата Балдура,Эстус,11.554256031820138
65,2218-12-02,Врата Балдура,Эстус,11.520426607915693
66,2218-12-03,Врата Балдура,Эстус,11.512760897969756
67,2218-12-04,Врата Балдура,Эстус,11.530794449810653
68,2218-12-05,Врата Балдура,Эстус,11.563516081492235
69,2218-12-06,Врата Балдура,Эстус,11.462242335476565
70,2218-12-07,Врата Балдура,Эстус,11.38262760924782
71,2218-12-08,Врата Балдура,Эстус,11.448764034609697
72,2218-12-09,Врата Балдура,Эстус,11.588179699820216
73,2218-12-10,Врата Балдура,Эстус,11.629017349738595
74,2218-12-11,Врата Балдура,Эстус,11.72015055325987
75,2218-12-12,Врата Балдура,Эстус,11.665586863639096
76,2218-12-13,Врата Балдура,Эстус,11.665152574234213
77,2218-12-14,Врата Балдура,Эстус,11.591086238652537
78,2218-12-15,Врата Балдура,Эстус,11.564802070355626
79,2218-12-16,Врата Балдура,Эстус,11.522221465530624
80,2218-12-17,Врата Балдура,Эстус,11.535547834069543
81,2218-12-18,Врата Балдура,Эстус,11.478881028254936
82,2218-12-19,Врата Балдура,Эстус,11.482356081989028
83,2218-12-20,Врата Балдура,Эстус,11.478592386260372
84,2218-12-21,Врата Балдура,Эстус,11.480167575618378
85,2218-12-22,Врата Балдура,Эстус,11.45240003665418
86,2218-12-23,Врата Балдура,Эстус,11.479932534816301
87,2218-12-24,Врата Балдура,Эстус,11.571061189701414
88,2218-12-25,Врата Балдура,Эстус,11.609072936551232
89,2218-12-26,Врата Балдура,Эстус,11.668940543750281
90,2218-12-27,Врата Балдура,Эстус,11.680415191809399
91,2218-12-28,Врата Балдура,Эстус,11.624162966154028
92,2218-12-29,Врата Балдура,Эстус,11.560224699632743
0,2218-09-28,Кеджистан,Целебные травы,15.22785081850801
1,2218-09-29,Кеджистан,Целебные травы,15.108376652547769
2,2218-09-30,Кеджистан,Целебные травы,15.15413864082088
3,2218-10-01,Кеджистан,Целебные травы,14.782523545644638
4,2218-10-02,Кеджистан,Целебные травы,14.67573537975804
5,2218-10-03,Кеджистан,Целебные травы,14.717683866901607
6,2218-10-04,Кеджистан,Целебные травы,14.643970464767312
7,2218-10-05,Кеджистан,Целебные травы,14.573789940953466
8,2218-10-06,Кеджистан,Целебные травы,14.581907181431989
9,2218-10-07,Кеджистан,Целебные травы,14.343839494559443
10,2218-10-08,Кеджистан,Целебные травы,14.004221753200074
11,2218-10-09,Кеджистан,Целебные травы,13.968428146752096
12,2218-10-10,Кеджистан,Целебные травы,13.717534070859408
13,2218-10-11,Кеджистан,Целебные травы,13.665810734446096
14,2218-10-12,Кеджистан,Целебные травы,13.425513434168145
15,2218-10-13,Кеджистан,Целебные травы,13.286795157733795
16,2218-10-14,Кеджистан,Целебные травы,13.3887521264838
17,2218-10-15,Кеджистан,Целебные травы,13.152249023406588
18,2218-10-16,Кеджистан,Целебные травы,13.196532555551583
19,2218-10-17,Кеджистан,Целебные травы,13.241753034173014
20,2218-10-18,Кеджистан,Целебные травы,13.359321609262041
21,2218-10-19,Кеджистан,Целебные травы,13.258046665040832
22,2218-10-20,Кеджистан,Целебные травы,13.316339782766175
23,2218-10-21,Кеджистан,Целебные травы,13.338813587541381
24,2218-10-22,Кеджистан,Целебные травы,13.207314335615859
25,2218-10-23,Кеджистан,Целебные травы,13.173752194511842
26,2218-10-24,Кеджистан,Целебные травы,13.323366416853387
27,2218-10-25,Кеджистан,Целебные травы,13.542149334275747
28,2218-10-26,Кеджистан,Целебные травы,13.530442690128636
29,2218-10-27,Кеджистан,Целебные травы,13.407574667082889
30,2218-10-28,Кеджистан,Целебные травы,13.45999724317144
31,2218-10-29,Кеджистан,Целебные травы,13.37023917991825
32,2218-10-30,Кеджистан,Целебные травы,13.368943602404364
33,2218-10-31,Кеджистан,Целебные травы,13.41151466313267
34,2218-11-01,Кеджистан,Целебные травы,13.455721971907332
35,2218-11-02,Кеджистан,Целебные травы,13.434313560328395
36,2218-11-03,Кеджистан,Целебные травы,13.501594382123493
37,2218-11-04,Кеджистан,Целебные травы,13.5154645349165
38,2218-11-05,Кеджистан,Целебные травы,13.637735386816798
39,2218-11-06,Кеджистан,Целебные травы,13.707370475207302
40,2218-11-07,Кеджистан,Целебные травы,13.735323808372243
41,2218-11-08,Кеджистан,Целебные травы,13.822626047365535
42,2218-11-09,Кеджистан,Целебные травы,13.822670773281597
43,2218-11-10,Кеджистан,Целебные травы,13.854529716033774
44,2218-11-11,Кеджистан,Целебные травы,13.847982185069961
45,2218-11-12,Кеджистан,Целебные травы,13.751036745292986
46,2218-11-13,Кеджистан,Целебные травы,13.756812156617459
47,2218-11-14,Кеджистан,Целебные травы,13.820308318156327
48,2218-11-15,Кеджистан,Целебные травы,13.814886841094886
49,2218-11-16,Кеджистан,Целебные травы,13.800718518169575
50,2218-11-17,Кеджистан,Целебные травы,13.84404192281935
51,2218-11-18,Кеджистан,Целебные травы,13.904551559190317
52,2218-11-19,Кеджистан,Целебные травы,13.835042670887571
53,2218-11-20,Кеджистан,Целебные травы,13.826825624799074
54,2218-11-21,Кеджистан,Целебные травы,13.863266769024241
55,2218-11-22,Кеджистан,Целебные травы,13.924439934602733
56,2218-11-23,Кеджистан,Целебные травы,13.900580242342894
57,2218-11-24,Кеджистан,Целебные травы,13.879291969297938
58,2218-11-25,Кеджистан,Целебные травы,13.980452189780223
59,2218-11-26,Кеджистан,Целебные травы,14.0116446775526
60,2218-11-27,Кеджистан,Целебные травы,14.039305742586478
61,2218-11-28,Кеджистан,Целебные травы,14.093099911987725
62,2218-11-29,Кеджистан,Целебные травы,13.96945224323021
63,2218-11-30,Кеджистан,Целебные травы,13.933592307314772
64,2218-12-01,Кеджистан,Целебные травы,14.04079733859427
65,2218-12-02,Кеджистан,Целебные травы,14.088742964199241
66,2218-12-03,Кеджистан,Целебные травы,14.054886665318154
67,2218-12-04,Кеджистан,Целебные травы,14.123935601183303
68,2218-12-05,Кеджистан,Целебные травы,14.167338318636487
69,2218-12-06,Кеджистан,Целебные травы,14.221726429606019
70,2218-12-07,Кеджистан,Целебные травы,14.18421098712872
71,2218-12-08,Кеджистан,Целебные травы,14.222913313174319
72,2218-12-09,Кеджистан,Целебные травы,14.248892657891652
73,2218-12-10,Кеджистан,Целебные травы,14.278148099165342
74,2218-12-11,Кеджистан,Целебные травы,14.302807299793376
75,2218-12-12,Кеджистан,Целебные травы,14.350564147188157
76,2218-12-13,Кеджистан,Целебные травы,14.348562480321599
77,2218-12-14,Кеджистан,Целебные травы,14.335630978206584
78,2218-12-15,Кеджистан,Целебные травы,14.354315930373957
79,2218-12-16,Кеджистан,Целебные травы,14.385621545220815
80,2218-12-17,Кеджистан,Целебные травы,14.420494327465052
81,2218-12-18,Кеджистан,Целебные травы,14.449223700462266
82,2218-12-19,Кеджистан,Целебные травы,14.459988976011342
83,2218-12-20,Кеджистан,Целебные травы,14.454126927648202
84,2218-12-21,Кеджистан,Целебные травы,14.43664072567577
85,2218-12-22,Кеджистан,Целебные травы,14.45718141771901
86,2218-12-23,Кеджистан,Целебные травы,14.514770359088544
87,2218-12-24,Кеджистан,Целебные травы,14.526508715997073
88,2218-12-25,Кеджистан,Целебные травы,14.624886319216317
89,2218-12-26,Кеджистан,Целебные травы,14.679855156288145
90,2218-12-27,Кеджистан,Целебные травы,14.732939110214142
91,2218-12-28,Кеджистан,Целебные травы,14.720069962454959
92,2218-12-29,Кеджистан,Целебные травы,14.570023838747446
0,2218-09-28,Кеджистан,Эльфийская пыльца,16.04160702566782
1,2218-09-29,Кеджистан,Эльфийская пыльца,16.33079269484235
2,2218-09-30,Кеджистан,Эльфийская пыльца,16.512221318026143
3,2218-10-01,Кеджистан,Эльфийская пыльца,16.87441051490633
4,2218-10-02,Кеджистан,Эльфийская пыльца,17.539823333216834
5,2218-10-03,Кеджистан,Эльфийская пыльца,17.78744623136729
6,2218-10-04,Кеджистан,Эльфийская пыльца,18.363433620471632
7,2218-10-05,Кеджистан,Эльфийская пыльца,18.345809807058707
8,2218-10-06,Кеджистан,Эльфийская пыльца,18.671684907614434
9,2218-10-07,Кеджистан,Эльфийская пыльца,19.15523599274683
10,2218-10-08,Кеджистан,Эльфийская пыльца,19.40028695194732
11,2218-10-09,Кеджистан,Эльфийская пыльца,19.642304683439317
12,2218-10-10,Кеджистан,Эльфийская пыльца,19.996001967087707
13,2218-10-11,Кеджистан,Эльфийская пыльца,20.266729778423606
14,2218-10-12,Кеджистан,Эльфийская пыльца,20.558134431878624
15,2218-10-13,Кеджистан,Эльфийская пыльца,20.903626380007772
16,2218-10-14,Кеджистан,Эльфийская пыльца,21.45886572500366
17,2218-10-15,Кеджистан,Эльфийская пыльца,21.666513290119923
18,2218-10-16,Кеджистан,Эльфийская пыльца,21.732209919250685
19,2218-10-17,Кеджистан,Эльфийская пыльца,21.86724091422449
20,2218-10-18,Кеджистан,Эльфийская пыльца,21.8513809255341
21,2218-10-19,Кеджистан,Эльфийская пыльца,21.67892732667838
22,2218-10-20,Кеджистан,Эльфийская пыльца,21.312626414126882
23,2218-10-21,Кеджистан,Эльфийская пыльца,21.54212396375997
24,2218-10-22,Кеджистан,Эльфийская пыльца,21.78632587214978
25,2218-10-23,Кеджистан,Эльфийская пыльца,21.652003061642823
26,2218-10-24,Кеджистан,Эльфийская пыльца,21.664733199144553
27,2218-10-25,Кеджистан,Эльфийская пыльца,21.847065231081835
28,2218-10-26,Кеджистан,Эльфийская пыльца,21.945970522626858
29,2218-10-27,Кеджистан,Эльфийская пыльца,22.054030117242405
30,2218-10-28,Кеджистан,Эльфийская пыльца,21.812650543819316
31,2218-10-29,Кеджистан,Эльфийская пыльца,21.713717811508747
32,2218-10-30,Кеджистан,Эльфийская пыльца,21.506964185632693
33,2218-10-31,Кеджистан,Эльфийская пыльца,22.219185883573196
34,2218-11-01,Кеджистан,Эльфийская пыльца,22.366998863765836
35,2218-11-02,Кеджистан,Эльфийская пыльца,22.164751301066772
36,2218-11-03,Кеджистан,Эльфийская пыльца,21.916655887397848
37,2218-11-04,Кеджистан,Эльфийская пыльца,21.95702094202101
38,2218-11-05,Кеджистан,Эльфийская пыльца,22.044738656837637
39,2218-11-06,Кеджистан,Эльфийская пыльца,22.10265766960538
40,2218-11-07,Кеджистан,Эльфийская пыльца,22.16621252905093
41,2218-11-08,Кеджистан,Эльфийская пыльца,22.18616266067857
42,2218-11-09,Кеджистан,Эльфийская пыльца,22.07022390934973
43,2218-11-10,Кеджистан,Эльфийская пыльца,22.078912489169873
44,2218-11-11,Кеджистан,Эльфийская пыльца,22.09715272431262
45,2218-11-12,Кеджистан,Эльфийская пыльца,22.19152637910972
46,2218-11-13,Кеджистан,Эльфийская пыльца,22.165495236139748
47,2218-11-14,Кеджистан,Эльфийская пыльца,22.24997478067136
48,2218-11-15,Кеджистан,Эльфийская пыльца,22.35588250858023
49,2218-11-16,Кеджистан,Эльфийская пыльца,22.282506414655685
50,2218-11-17,Кеджистан,Эльфийская пыльца,22.333273133128266
51,2218-11-18,Кеджистан,Эльфийская пыльца,22.401111520119223
52,2218-11-19,Кеджистан,Эльфийская пыльца,22.43081129177471
53,2218-11-20,Кеджистан,Эльфийская пыльца,22.351162445154777
54,2218-11-21,Кеджистан,Эльфийская пыльца,22.52968479714893
55,2218-11-22,Кеджистан,Эльфийская пыльца,22.48186619527078
56,2218-11-23,Кеджистан,Эльфийская пыльца,22.551639171625162
57,2218-11-24,Кеджистан,Эльфийская пыльца,22.516220976269636
58,2218-11-25,Кеджистан,Эльфийская пыльца,22.566110611984687
59,2218-11-26,Кеджистан,Эльфийская пыльца,22.592595129285137
60,2218-11-27,Кеджистан,Эльфийская пыльца,22.615344802247726
61,2218-11-28,Кеджистан,Эльфийская пыльца,22.80406404002568
62,2218-11-29,Кеджистан,Эльфийская пыльца,22.588535445554808
63,2218-11-30,Кеджистан,Эльфийская пыльца,22.45783314761924
64,2218-12-01,Кеджистан,Эльфийская пыльца,22.602047669653345
65,2218-12-02,Кеджистан,Эльфийская пыльца,22.747345616510955
66,2218-12-03,Кеджистан,Эльфийская пыльца,22.736635325978064
67,2218-12-04,Кеджистан,Эльфийская пыльца,22.76263958853255
68,2218-12-05,Кеджистан,Эльфийская пыльца,22.83712777637895
69,2218-12-06,Кеджистан,Эльфийская пыльца,22.96351943367082
70,2218-12-07,Кеджистан,Эльфийская пыльца,22.8591467304014
71,2218-12-08,Кеджистан,Эльфийская пыльца,22.90017341922003
72,2218-12-09,Кеджистан,Эльфийская пыльца,22.9584896872174
73,2218-12-10,Кеджистан,Эльфийская пыльца,23.050217712943407
74,2218-12-11,Кеджистан,Эльфийская пыльца,23.07424131105585
75,2218-12-12,Кеджистан,Эльфийская пыльца,23.17850624187882
76,2218-12-13,Кеджистан,Эльфийская пыльца,23.19551076281186
77,2218-12-14,Кеджистан,Эльфийская пыльца,23.172610973730965
78,2218-12-15,Кеджистан,Эльфийская пыльца,23.229867838173497
79,2218-12-16,Кеджистан,Эльфийская пыльца,23.25225609845422
80,2218-12-17,Кеджистан,Эльфийская пыльца,23.319529928866736
81,2218-12-18,Кеджистан,Эльфийская пыльца,23.309010176302117
82,2218-12-19,Кеджистан,Эльфийская пыльца,23.3366680139318
83,2218-12-20,Кеджистан,Эльфийская пыльца,23.404503375860163
84,2218-12-21,Кеджистан,Эльфийская пыльца,23.434397676798024
85,2218-12-22,Кеджистан,Эльфийская пыльца,23.296767374941734
86,2218-12-23,Кеджистан,Эльфийская пыльца,23.370511643151485
87,2218-12-24,Кеджистан,Эльфийская пыльца,23.42354657774074
88,2218-12-25,Кеджистан,Эльфийская пыльца,23.57560941315282
89,2218-12-26,Кеджистан,Эльфийская пыльца,23.653660064760707
90,2218-12-27,Кеджистан,Эльфийская пыльца,23.68066435227984
91,2218-12-28,Кеджистан,Эльфийская пыльца,23.69094682620058
92,2218-12-29,Кеджистан,Эльфийская пыльца,23.455953458991175
0,2218-09-28,Кеджистан,Эстус,10.552976585539596
1,2218-09-29,Кеджистан,Эстус,10.668671633743081
2,2218-09-30,Кеджистан,Эстус,10.773774708916271
3,2218-10-01,Кеджистан,Эстус,10.852609716503496
4,2218-10-02,Кеджистан,Эстус,10.796311008700581
5,2218-10-03,Кеджистан,Эстус,10.800479297964316
6,2218-10-04,Кеджистан,Эстус,10.904584737247152
7,2218-10-05,Кеджистан,Эстус,11.061135782638555
8,2218-10-06,Кеджистан,Эстус,11.36770751247873
9,2218-10-07,Кеджистан,Эстус,11.752938701120739
10,2218-10-08,Кеджистан,Эстус,12.338648085328293
11,2218-10-09,Кеджистан,Эстус,12.636342113885751
12,2218-10-10,Кеджистан,Эстус,13.024466028843536
13,2218-10-11,Кеджистан,Эстус,12.941492545086916
14,2218-10-12,Кеджистан,Эстус,13.065968458463088
15,2218-10-13,Кеджистан,Эстус,13.239445647573511
16,2218-10-14,Кеджистан,Эстус,13.58911534977319
17,2218-10-15,Кеджистан,Эстус,13.487162638389732
18,2218-10-16,Кеджистан,Эстус,13.461408167265136
19,2218-10-17,Кеджистан,Эстус,13.571538022807724
20,2218-10-18,Кеджистан,Эстус,13.594515363280317
21,2218-10-19,Кеджистан,Эстус,13.586610320259084
22,2218-10-20,Кеджистан,Эстус,13.698199697830303
23,2218-10-21,Кеджистан,Эстус,13.642077407118054
24,2218-10-22,Кеджистан,Эстус,13.658195671837412
25,2218-10-23,Кеджистан,Эстус,13.579711995955185
26,2218-10-24,Кеджистан,Эстус,13.61365570157373
27,2218-10-25,Кеджистан,Эстус,13.704258771478049
28,2218-10-26,Кеджистан,Эстус,13.649503290154126
29,2218-10-27,Кеджистан,Эстус,13.627418389342248
30,2218-10-28,Кеджистан,Эстус,13.71456228386391
31,2218-10-29,Кеджистан,Эстус,13.552918583942676
32,2218-10-30,Кеджистан,Эстус,13.126528283079546
33,2218-10-31,Кеджистан,Эстус,13.020958490456836
34,2218-11-01,Кеджистан,Эстус,13.355453180913653
35,2218-11-02,Кеджистан,Эстус,13.517644135601026
36,2218-11-03,Кеджистан,Эстус,13.507862696143073
37,2218-11-04,Кеджистан,Эстус,13.609495393431615
38,2218-11-05,Кеджистан,Эстус,13.626267289401035
39,2218-11-06,Кеджистан,Эстус,13.605104468900565
40,2218-11-07,Кеджистан,Эстус,13.614124351843337
41,2218-11-08,Кеджистан,Эстус,13.729787380598651
42,2218-11-09,Кеджистан,Эстус,13.802096523466297
43,2218-11-10,Кеджистан,Эстус,13.816017966513607
44,2218-11-11,Кеджистан,Эстус,13.883241973879663
45,2218-11-12,Кеджистан,Эстус,14.027209167672993
46,2218-11-13,Кеджистан,Эстус,14.064110555992066
47,2218-11-14,Кеджистан,Эстус,14.041896545545825
48,2218-11-15,Кеджистан,Эстус,14.008110066334044
49,2218-11-16,Кеджистан,Эстус,13.965362153146371
50,2218-11-17,Кеджистан,Эстус,13.957858878386451
51,2218-11-18,Кеджистан,Эстус,13.928589339314305
52,2218-11-19,Кеджистан,Эстус,13.83852937161017
53,2218-11-20,Кеджистан,Эстус,13.84396650251474
54,2218-11-21,Кеджистан,Эстус,13.935522086219317
55,2218-11-22,Кеджистан,Эстус,13.965902096537258
56,2218-11-23,Кеджистан,Эстус,13.88655016213029
57,2218-11-24,Кеджистан,Эстус,13.863767942624191
58,2218-11-25,Кеджистан,Эстус,13.935393339003891
59,2218-11-26,Кеджистан,Эстус,13.945341720661741
60,2218-11-27,Кеджистан,Эстус,13.952833399483612
61,2218-11-28,Кеджистан,Эстус,14.026129177818705
62,2218-11-29,Кеджистан,Эстус,13.867368296837768
63,2218-11-30,Кеджистан,Эстус,13.967790880034116
64,2218-12-01,Кеджистан,Эстус,14.008446151172999
65,2218-12-02,Кеджистан,Эстус,14.020058622028873
66,2218-12-03,Кеджистан,Эстус,14.075746173207127
67,2218-12-04,Кеджистан,Эстус,14.069497240148797
68,2218-12-05,Кеджистан,Эстус,14.1286231025133
69,2218-12-06,Кеджистан,Эстус,14.142532994002654
70,2218-12-07,Кеджистан,Эстус,14.116048542173415
71,2218-12-08,Кеджистан,Эстус,14.150029629193472
72,2218-12-09,Кеджистан,Эстус,14.240982326803064
73,2218-12-10,Кеджистан,Эстус,14.242725940415253
74,2218-12-11,Кеджистан,Эстус,14.280148947239972
75,2218-12-12,Кеджистан,Эстус,14.29113250903995
76,2218-12-13,Кеджистан,Эстус,14.306460689791829
77,2218-12-14,Кеджистан,Эстус,14.28522405252599
78,2218-12-15,Кеджистан,Эстус,14.304790735230235
79,2218-12-16,Кеджистан,Эстус,14.360892104028515
80,2218-12-17,Кеджистан,Эстус,14.396304949180038
81,2218-12-18,Кеджистан,Эстус,14.43372050504686
82,2218-12-19,Кеджистан,Эстус,14.42825247807439
83,2218-12-20,Кеджистан,Эстус,14.442916222684829
84,2218-12-21,Кеджистан,Эстус,14.413127307329727
85,2218-12-22,Кеджистан,Эстус,14.42737101522017
86,2218-12-23,Кеджистан,Эстус,14.452152843364352
87,2218-12-24,Кеджистан,Эстус,14.46569282616414
88,2218-12-25,Кеджистан,Эстус,14.54554790409496
89,2218-12-26,Кеджистан,Эстус,14.614045898528346
90,2218-12-27,Кеджистан,Эстус,14.63554859716666
91,2218-12-28,Кеджистан,Эстус,14.625618310484718
92,2218-12-29,Кеджистан,Эстус,14.459247518492027
0,2218-09-28,Нокрон,Целебные травы,4.5228918873142625
1,2218-09-29,Нокрон,Целебные травы,4.563893555893142
2,2218-09-30,Нокрон,Целебные травы,4.546921718072167
3,2218-10-01,Нокрон,Целебные травы,4.423370791459329
4,2218-10-02,Нокрон,Целебные травы,4.381698492786019
5,2218-10-03,Нокрон,Целебные травы,4.233327799512424
6,2218-10-04,Нокрон,Целебные травы,4.091344765689256
7,2218-10-05,Нокрон,Целебные травы,3.900064275343766
8,2218-10-06,Нокрон,Целебные травы,3.798465537442125
9,2218-10-07,Нокрон,Целебные травы,3.6860752115140505
10,2218-10-08,Нокрон,Целебные травы,3.637369074612428
11,2218-10-09,Нокрон,Целебные травы,3.536262945115772
12,2218-10-10,Нокрон,Целебные травы,3.4160904858513725
13,2218-10-11,Нокрон,Целебные травы,3.357037715830966
14,2218-10-12,Нокрон,Целебные травы,3.3278456049200567
15,2218-10-13,Нокрон,Целебные травы,3.2312233500997425
16,2218-10-14,Нокрон,Целебные травы,3.3807247853363878
17,2218-10-15,Нокрон,Целебные травы,3.5281069654656694
18,2218-10-16,Нокрон,Целебные травы,3.5002440936160464
19,2218-10-17,Нокрон,Целебные травы,3.4656949379854254
20,2218-10-18,Нокрон,Целебные травы,3.4318566890984488
21,2218-10-19,Нокрон,Целебные травы,3.5627017226038866
22,2218-10-20,Нокрон,Целебные травы,3.6632334058477105
23,2218-10-21,Нокрон,Целебные травы,3.8774940459403524
24,2218-10-22,Нокрон,Целебные травы,3.9711893013411923
25,2218-10-23,Нокрон,Целебные травы,4.022744839982879
26,2218-10-24,Нокрон,Целебные травы,4.127543397226773
27,2218-10-25,Нокрон,Целебные травы,4.183746041816456
28,2218-10-26,Нокрон,Целебные травы,4.229031596353117
29,2218-10-27,Нокрон,Целебные травы,4.467501449558288
30,2218-10-28,Нокрон,Целебные травы,4.7925115652531085
31,2218-10-29,Нокрон,Целебные травы,5.0173680916009324
32,2218-10-30,Нокрон,Целебные травы,5.3916193455394845
33,2218-10-31,Нокрон,Целебные травы,5.721541035165555
34,2218-11-01,Нокрон,Целебные травы,5.92723172770944
35,2218-11-02,Нокрон,Целебные травы,6.199300033459712
36,2218-11-03,Нокрон,Целебные травы,6.47090354868258
37,2218-11-04,Нокрон,Целебные травы,6.674062005010635
38,2218-11-05,Нокрон,Целебные травы,6.937866191652371
39,2218-11-06,Нокрон,Целебные травы,6.521273389251875
40,2218-11-07,Нокрон,Целебные травы,6.203978644850112
41,2218-11-08,Нокрон,Целебные травы,6.132525100593291
42,2218-11-09,Нокрон,Целебные травы,5.950178588457769
43,2218-11-10,Нокрон,Целебные травы,5.754357398783623
44,2218-11-11,Нокрон,Целебные травы,5.623092112382117
45,2218-11-12,Нокрон,Целебные травы,5.37586104190373
46,2218-11-13,Нокрон,Целебные травы,5.198423607358276
47,2218-11-14,Нокрон,Целебные травы,5.097407770427127
48,2218-11-15,Нокрон,Целебные травы,5.028569227200932
49,2218-11-16,Нокрон,Целебные травы,5.021825593096291
50,2218-11-17,Нокрон,Целебные травы,4.68946621671044
51,2218-11-18,Нокрон,Целебные травы,4.688788544331856
52,2218-11-19,Нокрон,Целебные травы,4.502428119251015
53,2218-11-20,Нокрон,Целебные травы,4.355879241290774
54,2218-11-21,Нокрон,Целебные травы,4.44547753745612
55,2218-11-22,Нокрон,Целебные травы,4.621313737594025
56,2218-11-23,Нокрон,Целебные травы,4.744153011659643
57,2218-11-24,Нокрон,Целебные травы,4.760188711092124
58,2218-11-25,Нокрон,Целебные травы,4.818924426519844
59,2218-11-26,Нокрон,Целебные травы,4.778634409378933
60,2218-11-27,Нокрон,Целебные травы,4.788865105272862
61,2218-11-28,Нокрон,Целебные травы,4.797754345893118
62,2218-11-29,Нокрон,Целебные травы,4.787860951493171
63,2218-11-30,Нокрон,Целебные травы,4.695520382688764
64,2218-12-01,Нокрон,Целебные травы,4.820705627587021
65,2218-12-02,Нокрон,Целебные травы,4.860042840494283
66,2218-12-03,Нокрон,Целебные травы,4.863176859898008
67,2218-12-04,Нокрон,Целебные травы,4.8846313733997135
68,2218-12-05,Нокрон,Целебные травы,4.915558296204419
69,2218-12-06,Нокрон,Целебные травы,4.882408551781963
70,2218-12-07,Нокрон,Целебные травы,4.90057414613978
71,2218-12-08,Нокрон,Целебные травы,4.892218188117209
72,2218-12-09,Нокрон,Целебные травы,4.906344702736947
73,2218-12-10,Нокрон,Целебные травы,4.869099136646301
74,2218-12-11,Нокрон,Целебные травы,4.922538281586096
75,2218-12-12,Нокрон,Целебные травы,5.096370773353401
76,2218-12-13,Нокрон,Целебные травы,5.3437465671344935
77,2218-12-14,Нокрон,Целебные травы,5.605559705881291
78,2218-12-15,Нокрон,Целебные травы,5.724591185822948
79,2218-12-16,Нокрон,Целебные травы,5.741284405010502
80,2218-12-17,Нокрон,Целебные травы,5.77386200120898
81,2218-12-18,Нокрон,Целебные травы,5.744906101660326
82,2218-12-19,Нокрон,Целебные травы,5.6779686899097666
83,2218-12-20,Нокрон,Целебные травы,5.691040326459524
84,2218-12-21,Нокрон,Целебные травы,5.770500586435251
85,2218-12-22,Нокрон,Целебные травы,5.814060074490231
86,2218-12-23,Нокрон,Целебные травы,5.813619093527678
87,2218-12-24,Нокрон,Целебные травы,5.76163225862295
88,2218-12-25,Нокрон,Целебные травы,5.710884991190707
89,2218-12-26,Нокрон,Целебные травы,5.518962717438605
90,2218-12-27,Нокрон,Целебные травы,5.321964308517428
91,2218-12-28,Нокрон,Целебные травы,5.226740965603543
92,2218-12-29,Нокрон,Целебные травы,5.263073807045933
0,2218-09-28,Нокрон,Эльфийская пыльца,12.234250261026526
1,2218-09-29,Нокрон,Эльфийская пыльца,12.219656374715672
2,2218-09-30,Нокрон,Эльфийская пыльца,12.31708983660472
3,2218-10-01,Нокрон,Эльфийская пыльца,12.403278088154195
4,2218-10-02,Нокрон,Эльфийская пыльца,12.199679568999592
5,2218-10-03,Нокрон,Эльфийская пыльца,11.839236523719709
6,2218-10-04,Нокрон,Эльфийская пыльца,11.548517842784031
7,2218-10-05,Нокрон,Эльфийская пыльца,11.392056395707542
8,2218-10-06,Нокрон,Эльфийская пыльца,11.291109872013877
9,2218-10-07,Нокрон,Эльфийская пыльца,10.942363148996755
10,2218-10-08,Нокрон,Эльфийская пыльца,10.648306207355855
11,2218-10-09,Нокрон,Эльфийская пыльца,10.260731054334434
12,2218-10-10,Нокрон,Эльфийская пыльца,10.06474160624085
13,2218-10-11,Нокрон,Эльфийская пыльца,9.986032332220862
14,2218-10-12,Нокрон,Эльфийская пыльца,9.739845636060736
15,2218-10-13,Нокрон,Эльфийская пыльца,9.776867534699718
16,2218-10-14,Нокрон,Эльфийская пыльца,9.640783283439845
17,2218-10-15,Нокрон,Эльфийская пыльца,9.826765176080508
18,2218-10-16,Нокрон,Эльфийская пыльца,9.781015413316219
19,2218-10-17,Нокрон,Эльфийская пыльца,9.808960583717477
20,2218-10-18,Нокрон,Эльфийская пыльца,9.638484969281588
21,2218-10-19,Нокрон,Эльфийская пыльца,9.670954784876827
22,2218-10-20,Нокрон,Эльфийская пыльца,9.741186403493403
23,2218-10-21,Нокрон,Эльфийская пыльца,9.794005485354301
24,2218-10-22,Нокрон,Эльфийская пыльца,10.018924255867407
25,2218-10-23,Нокрон,Эльфийская пыльца,10.052556451511624
26,2218-10-24,Нокрон,Эльфийская пыльца,9.948074062964888
27,2218-10-25,Нокрон,Эльфийская пыльца,9.924672930637612
28,2218-10-26,Нокрон,Эльфийская пыльца,9.887314713673119
29,2218-10-27,Нокрон,Эльфийская пыльца,9.913909025088834
30,2218-10-28,Нокрон,Эльфийская пыльца,9.880942243059163
31,2218-10-29,Нокрон,Эльфийская пыльца,9.801507122091511
32,2218-10-30,Нокрон,Эльфийская пыльца,9.675772898989235
33,2218-10-31,Нокрон,Эльфийская пыльца,9.678054977881633
34,2218-11-01,Нокрон,Эльфийская пыльца,9.687251842715312
35,2218-11-02,Нокрон,Эльфийская пыльца,9.788145412252941
36,2218-11-03,Нокрон,Эльфийская пыльца,9.861161693059925
37,2218-11-04,Нокрон,Эльфийская пыльца,9.873099650446072
38,2218-11-05,Нокрон,Эльфийская пыльца,9.714175743562413
39,2218-11-06,Нокрон,Эльфийская пыльца,9.983128511491834
40,2218-11-07,Нокрон,Эльфийская пыльца,10.192971718622356
41,2218-11-08,Нокрон,Эльфийская пыльца,10.379829792163267
42,2218-11-09,Нокрон,Эльфийская пыльца,10.449776006134812
43,2218-11-10,Нокрон,Эльфийская пыльца,10.382174413212603
44,2218-11-11,Нокрон,Эльфийская пыльца,10.324996439696132
45,2218-11-12,Нокрон,Эльфийская пыльца,10.284655548329344
46,2218-11-13,Нокрон,Эльфийская пыльца,10.326805901864802
47,2218-11-14,Нокрон,Эльфийская пыльца,10.413154429181795
48,2218-11-15,Нокрон,Эльфийская пыльца,10.475965391392315
49,2218-11-16,Нокрон,Эльфийская пыльца,10.433794864028933
50,2218-11-17,Нокрон,Эльфийская пыльца,10.363848947495327
51,2218-11-18,Нокрон,Эльфийская пыльца,10.325344736894884
52,2218-11-19,Нокрон,Эльфийская пыльца,10.25379800994568
53,2218-11-20,Нокрон,Эльфийская пыльца,10.124829904311948
54,2218-11-21,Нокрон,Эльфийская пыльца,10.145690845479407
55,2218-11-22,Нокрон,Эльфийская пыльца,10.163667456389827
56,2218-11-23,Нокрон,Эльфийская пыльца,10.17556400491994
57,2218-11-24,Нокрон,Эльфийская пыльца,9.921863693814084
58,2218-11-25,Нокрон,Эльфийская пыльца,9.738982149023855
59,2218-11-26,Нокрон,Эльфийская пыльца,9.880185359501773
60,2218-11-27,Нокрон,Эльфийская пыльца,9.941603727164399
61,2218-11-28,Нокрон,Эльфийская пыльца,9.930032680771987
62,2218-11-29,Нокрон,Эльфийская пыльца,9.92367577638229
63,2218-11-30,Нокрон,Эльфийская пыльца,9.930585104470497
64,2218-12-01,Нокрон,Эльфийская пыльца,9.951366154620219
65,2218-12-02,Нокрон,Эльфийская пыльца,9.916517172851083
66,2218-12-03,Нокрон,Эльфийская пыльца,9.953854882354683
67,2218-12-04,Нокрон,Эльфийская пыльца,9.992884645440771
68,2218-12-05,Нокрон,Эльфийская пыльца,9.773541533699095
69,2218-12-06,Нокрон,Эльфийская пыльца,9.558591914605216
70,2218-12-07,Нокрон,Эльфийская пыльца,9.498695941542227
71,2218-12-08,Нокрон,Эльфийская пыльца,9.473044214326293
72,2218-12-09,Нокрон,Эльфийская пыльца,9.464552603114063
73,2218-12-10,Нокрон,Эльфийская пыльца,9.378237461526314
74,2218-12-11,Нокрон,Эльфийская пыльца,9.414771285221377
75,2218-12-12,Нокрон,Эльфийская пыльца,9.461716059953925
76,2218-12-13,Нокрон,Эльфийская пыльца,9.512052897929795
77,2218-12-14,Нокрон,Эльфийская пыльца,9.618403704726909
78,2218-12-15,Нокрон,Эльфийская пыльца,9.674438204408176
79,2218-12-16,Нокрон,Эльфийская пыльца,9.637033308058466
80,2218-12-17,Нокрон,Эльфийская пыльца,9.614659481773707
81,2218-12-18,Нокрон,Эльфийская пыльца,9.561862672866882
82,2218-12-19,Нокрон,Эльфийская пыльца,9.582313273800994
83,2218-12-20,Нокрон,Эльфийская пыльца,9.635880952781148
84,2218-12-21,Нокрон,Эльфийская пыльца,9.735631315640717
85,2218-12-22,Нокрон,Эльфийская пыльца,9.852987505136355
86,2218-12-23,Нокрон,Эльфийская пыльца,9.952905695722851
87,2218-12-24,Нокрон,Эльфийская пыльца,10.303165552819605
88,2218-12-25,Нокрон,Эльфийская пыльца,10.546561373572366
89,2218-12-26,Нокрон,Эльфийская пыльца,10.619309610173811
90,2218-12-27,Нокрон,Эльфийская пыльца,10.934081079878418
91,2218-12-28,Нокрон,Эльфийская пыльца,10.864371692159224
92,2218-12-29,Нокрон,Эльфийская пыльца,10.906252852905482
0,2218-09-28,Нокрон,Эстус,5.4477725457755914
1,2218-09-29,Нокрон,Эстус,5.458662555577483
2,2218-09-30,Нокрон,Эстус,5.454703832885947
3,2218-10-01,Нокрон,Эстус,5.476538300133965
4,2218-10-02,Нокрон,Эстус,5.434218284903172
5,2218-10-03,Нокрон,Эстус,5.419489511027419
6,2218-10-04,Нокрон,Эстус,5.4604642895347695
7,2218-10-05,Нокрон,Эстус,5.4591962694454015
8,2218-10-06,Нокрон,Эстус,5.421763651193793
9,2218-10-07,Нокрон,Эстус,5.368994276291812
10,2218-10-08,Нокрон,Эстус,5.335430440414147
11,2218-10-09,Нокрон,Эстус,5.288139435972014
12,2218-10-10,Нокрон,Эстус,5.226416763777284
13,2218-10-11,Нокрон,Эстус,5.201251216389975
14,2218-10-12,Нокрон,Эстус,5.207481586065814
15,2218-10-13,Нокрон,Эстус,5.206517431997233
16,2218-10-14,Нокрон,Эстус,5.325614712933149
17,2218-10-15,Нокрон,Эстус,5.346782375596268
18,2218-10-16,Нокрон,Эстус,5.296208082937898
19,2218-10-17,Нокрон,Эстус,5.301930958146418
20,2218-10-18,Нокрон,Эстус,5.327540732347559
21,2218-10-19,Нокрон,Эстус,5.404688089641917
22,2218-10-20,Нокрон,Эстус,5.4901290389695525
23,2218-10-21,Нокрон,Эстус,5.558819690303268
24,2218-10-22,Нокрон,Эстус,5.651638195066952
25,2218-10-23,Нокрон,Эстус,5.8902283686759755
26,2218-10-24,Нокрон,Эстус,5.997539515182484
27,2218-10-25,Нокрон,Эстус,5.9578163882497766
28,2218-10-26,Нокрон,Эстус,6.017059556286332
29,2218-10-27,Нокрон,Эстус,5.9898550233675865
30,2218-10-28,Нокрон,Эстус,5.934175727385126
31,2218-10-29,Нокрон,Эстус,5.913345424860566
32,2218-10-30,Нокрон,Эстус,5.946626162195669
33,2218-10-31,Нокрон,Эстус,5.997167763584686
34,2218-11-01,Нокрон,Эстус,6.193069734045421
35,2218-11-02,Нокрон,Эстус,6.3649465894973725
36,2218-11-03,Нокрон,Эстус,6.4473258148648585
37,2218-11-04,Нокрон,Эстус,6.37436099101696
38,2218-11-05,Нокрон,Эстус,6.339948191304567
39,2218-11-06,Нокрон,Эстус,6.281957159141005
40,2218-11-07,Нокрон,Эстус,6.204672306411625
41,2218-11-08,Нокрон,Эстус,5.712189754327002
42,2218-11-09,Нокрон,Эстус,5.625110886725232
43,2218-11-10,Нокрон,Эстус,5.2385226725605545
44,2218-11-11,Нокрон,Эстус,5.4537083712199035
45,2218-11-12,Нокрон,Эстус,5.484523835785292
46,2218-11-13,Нокрон,Эстус,5.48803086847319
47,2218-11-14,Нокрон,Эстус,5.087657605809888
48,2218-11-15,Нокрон,Эстус,5.317602624191077
49,2218-11-16,Нокрон,Эстус,5.449661759126678
50,2218-11-17,Нокрон,Эстус,5.450137819222125
51,2218-11-18,Нокрон,Эстус,5.492572818053788
52,2218-11-19,Нокрон,Эстус,5.465787238102676
53,2218-11-20,Нокрон,Эстус,5.479791600026732
54,2218-11-21,Нокрон,Эстус,5.558552278209713
55,2218-11-22,Нокрон,Эстус,5.585018556779425
56,2218-11-23,Нокрон,Эстус,5.55793923116894
57,2218-11-24,Нокрон,Эстус,5.530695853827134
58,2218-11-25,Нокрон,Эстус,5.510924868207828
59,2218-11-26,Нокрон,Эстус,5.5522913813502655
60,2218-11-27,Нокрон,Эстус,5.543827317196001
61,2218-11-28,Нокрон,Эстус,5.562171447891262
62,2218-11-29,Нокрон,Эстус,5.548778372662662
63,2218-11-30,Нокрон,Эстус,5.535343533627456
64,2218-12-01,Нокрон,Эстус,5.580647940647848
65,2218-12-02,Нокрон,Эстус,5.575112893650681
66,2218-12-03,Нокрон,Эстус,5.548672173124361
67,2218-12-04,Нокрон,Эстус,5.544415284264516
68,2218-12-05,Нокрон,Эстус,5.559840042410661
69,2218-12-06,Нокрон,Эстус,5.603071735197004
70,2218-12-07,Нокрон,Эстус,5.5840572260411365
71,2218-12-08,Нокрон,Эстус,5.589416900547054
72,2218-12-09,Нокрон,Эстус,5.647473839379299
73,2218-12-10,Нокрон,Эстус,5.6788651280190825
74,2218-12-11,Нокрон,Эстус,5.714440352863582
75,2218-12-12,Нокрон,Эстус,5.796158867985626
76,2218-12-13,Нокрон,Эстус,5.879035298407044
77,2218-12-14,Нокрон,Эстус,5.9755637527747485
78,2218-12-15,Нокрон,Эстус,6.171389289211159
79,2218-12-16,Нокрон,Эстус,6.397025059851498
80,2218-12-17,Нокрон,Эстус,6.560427737410626
81,2218-12-18,Нокрон,Эстус,6.588094062533847
82,2218-12-19,Нокрон,Эстус,6.594283234569804
83,2218-12-20,Нокрон,Эстус,6.642486281854564
84,2218-12-21,Нокрон,Эстус,6.73476521369674
85,2218-12-22,Нокрон,Эстус,6.800034410225129
86,2218-12-23,Нокрон,Эстус,6.93249541798695
87,2218-12-24,Нокрон,Эстус,6.907995112453301
88,2218-12-25,Нокрон,Эстус,6.848967497499282
89,2218-12-26,Нокрон,Эстус,6.86780385165437
90,2218-12-27,Нокрон,Эстус,6.801640975681014
91,2218-12-28,Нокрон,Эстус,6.639084540041003
92,2218-12-29,Нокрон,Эстус,6.579293385218505
0,2218-09-28,Фалькония,Целебные травы,4.4139213512974615
1,2218-09-29,Фалькония,Целебные травы,4.4998824074815404
2,2218-09-30,Фалькония,Целебные травы,4.477282887372638
3,2218-10-01,Фалькония,Целебные травы,4.4154209854472946
4,2218-10-02,Фалькония,Целебные травы,4.508413381226816
5,2218-10-03,Фалькония,Целебные травы,4.4659112531033305
6,2218-10-04,Фалькония,Целебные травы,4.519379509896655
7,2218-10-05,Фалькония,Целебные травы,4.55817795730229
8,2218-10-06,Фалькония,Целебные травы,4.584258833121041
9,2218-10-07,Фалькония,Целебные травы,4.731018147170164
10,2218-10-08,Фалькония,Целебные травы,4.8057147161657126
11,2218-10-09,Фалькония,Целебные травы,4.9187395447944855
12,2218-10-10,Фалькония,Целебные травы,5.068947571087631
13,2218-10-11,Фалькония,Целебные травы,5.171153091224031
14,2218-10-12,Фалькония,Целебные травы,5.304577917571377
15,2218-10-13,Фалькония,Целебные травы,5.574848957134986
16,2218-10-14,Фалькония,Целебные травы,5.775467211848441
17,2218-10-15,Фалькония,Целебные травы,5.9247670989700305
18,2218-10-16,Фалькония,Целебные травы,6.009378182222828
19,2218-10-17,Фалькония,Целебные травы,5.985773606187722
20,2218-10-18,Фалькония,Целебные травы,5.927522044457691
21,2218-10-19,Фалькония,Целебные травы,6.018627712629456
22,2218-10-20,Фалькония,Целебные травы,5.962117240731897
23,2218-10-21,Фалькония,Целебные травы,5.963298841626304
24,2218-10-22,Фалькония,Целебные травы,5.986025331485905
25,2218-10-23,Фалькония,Целебные травы,6.032466036670241
26,2218-10-24,Фалькония,Целебные травы,6.08965765826689
27,2218-10-25,Фалькония,Целебные травы,6.12280231252678
28,2218-10-26,Фалькония,Целебные травы,6.225853246892806
29,2218-10-27,Фалькония,Целебные травы,6.277484712524587
30,2218-10-28,Фалькония,Целебные травы,6.4034944396857325
31,2218-10-29,Фалькония,Целебные травы,6.53334488038596
32,2218-10-30,Фалькония,Целебные травы,6.706570780498741
33,2218-10-31,Фалькония,Целебные травы,7.031426660049689
34,2218-11-01,Фалькония,Целебные травы,7.13887727055168
35,2218-11-02,Фалькония,Целебные травы,7.114173949155827
36,2218-11-03,Фалькония,Целебные травы,7.1798862357245365
37,2218-11-04,Фалькония,Целебные травы,7.1772785737793034
38,2218-11-05,Фалькония,Целебные травы,7.133344695463668
39,2218-11-06,Фалькония,Целебные травы,7.118895274258443
40,2218-11-07,Фалькония,Целебные травы,7.040524681198406
41,2218-11-08,Фалькония,Целебные травы,7.0909244323393725
42,2218-11-09,Фалькония,Целебные травы,7.113582354797824
43,2218-11-10,Фалькония,Целебные травы,7.11915636170604
44,2218-11-11,Фалькония,Целебные травы,7.118578338428103
45,2218-11-12,Фалькония,Целебные травы,7.067274992368582
46,2218-11-13,Фалькония,Целебные травы,7.108904059284439
47,2218-11-14,Фалькония,Целебные травы,7.250689968329209
48,2218-11-15,Фалькония,Целебные травы,7.318868263515702
49,2218-11-16,Фалькония,Целебные травы,7.477496413866962
50,2218-11-17,Фалькония,Целебные травы,7.395062511107909
51,2218-11-18,Фалькония,Целебные травы,7.3541390573276235
52,2218-11-19,Фалькония,Целебные травы,7.379562751001632
53,2218-11-20,Фалькония,Целебные травы,7.38093012205159
54,2218-11-21,Фалькония,Целебные травы,7.319180134861918
55,2218-11-22,Фалькония,Целебные травы,7.3069503052315365
56,2218-11-23,Фалькония,Целебные травы,7.217782152132701
57,2218-11-24,Фалькония,Целебные травы,7.230746731335027
58,2218-11-25,Фалькония,Целебные травы,7.233156194120482
59,2218-11-26,Фалькония,Целебные травы,7.243320194470464
60,2218-11-27,Фалькония,Целебные травы,7.244009674780161
61,2218-11-28,Фалькония,Целебные травы,7.2777336701266915
62,2218-11-29,Фалькония,Целебные травы,7.277282088904605
63,2218-11-30,Фалькония,Целебные травы,7.226706149713677
64,2218-12-01,Фалькония,Целебные травы,7.221463002023323
65,2218-12-02,Фалькония,Целебные травы,7.194516726806923
66,2218-12-03,Фалькония,Целебные травы,7.190801046455876
67,2218-12-04,Фалькония,Целебные травы,7.19151336374497
68,2218-12-05,Фалькония,Целебные травы,7.245270592414607
69,2218-12-06,Фалькония,Целебные травы,7.265935010172313
70,2218-12-07,Фалькония,Целебные травы,7.262493622583291
71,2218-12-08,Фалькония,Целебные травы,7.270124188834418
72,2218-12-09,Фалькония,Целебные травы,7.272326981287464
73,2218-12-10,Фалькония,Целебные травы,7.298827966153662
74,2218-12-11,Фалькония,Целебные травы,7.300513422339644
75,2218-12-12,Фалькония,Целебные травы,7.3621702012488885
76,2218-12-13,Фалькония,Целебные травы,7.332654472514583
77,2218-12-14,Фалькония,Целебные травы,7.202537963486906
78,2218-12-15,Фалькония,Целебные травы,7.157910743625677
79,2218-12-16,Фалькония,Целебные травы,7.076218927132801
80,2218-12-17,Фалькония,Целебные травы,7.035293888785658
81,2218-12-18,Фалькония,Целебные травы,7.041228045553283
82,2218-12-19,Фалькония,Целебные травы,7.098039537852668
83,2218-12-20,Фалькония,Целебные травы,7.04231304616513
84,2218-12-21,Фалькония,Целебные травы,7.059841188114111
85,2218-12-22,Фалькония,Целебные травы,7.092876874206714
86,2218-12-23,Фалькония,Целебные травы,7.07940069782095
87,2218-12-24,Фалькония,Целебные травы,7.086156730428705
88,2218-12-25,Фалькония,Целебные травы,7.100190955719973
89,2218-12-26,Фалькония,Целебные травы,7.164172919518464
90,2218-12-27,Фалькония,Целебные травы,7.171127406524231
91,2218-12-28,Фалькония,Целебные травы,7.091466398377355
92,2218-12-29,Фалькония,Целебные травы,7.058920551365944
0,2218-09-28,Фалькония,Эльфийская пыльца,11.122205216868073
1,2218-09-29,Фалькония,Эльфийская пыльца,11.141833525150188
2,2218-09-30,Фалькония,Эльфийская пыльца,10.942962233758887
3,2218-10-01,Фалькония,Эльфийская пыльца,10.645340988704085
4,2218-10-02,Фалькония,Эльфийская пыльца,10.451027803605125
5,2218-10-03,Фалькония,Эльфийская пыльца,9.513536959875582
6,2218-10-04,Фалькония,Эльфийская пыльца,8.903821013093623
7,2218-10-05,Фалькония,Эльфийская пыльца,8.272059228670015
8,2218-10-06,Фалькония,Эльфийская пыльца,8.063845799258415
9,2218-10-07,Фалькония,Эльфийская пыльца,7.7654119850740555
10,2218-10-08,Фалькония,Эльфийская пыльца,7.72425286246221
11,2218-10-09,Фалькония,Эльфийская пыльца,7.696457234602684
12,2218-10-10,Фалькония,Эльфийская пыльца,7.739122625804609
13,2218-10-11,Фалькония,Эльфийская пыльца,7.752054340724712
14,2218-10-12,Фалькония,Эльфийская пыльца,7.901910220792516
15,2218-10-13,Фалькония,Эльфийская пыльца,7.909189914298837
16,2218-10-14,Фалькония,Эльфийская пыльца,7.88542249553207
17,2218-10-15,Фалькония,Эльфийская пыльца,7.909469587323173
18,2218-10-16,Фалькония,Эльфийская пыльца,7.875527137751877
19,2218-10-17,Фалькония,Эльфийская пыльца,7.8722601918723365
20,2218-10-18,Фалькония,Эльфийская пыльца,7.853984123919134
21,2218-10-19,Фалькония,Эльфийская пыльца,7.960256261308015
22,2218-10-20,Фалькония,Эльфийская пыльца,8.365176642664677
23,2218-10-21,Фалькония,Эльфийская пыльца,8.628690055602384
24,2218-10-22,Фалькония,Эльфийская пыльца,8.930603344324135
25,2218-10-23,Фалькония,Эльфийская пыльца,9.16354989240131
26,2218-10-24,Фалькония,Эльфийская пыльца,9.423235697286458
27,2218-10-25,Фалькония,Эльфийская пыльца,10.242949724555185
28,2218-10-26,Фалькония,Эльфийская пыльца,10.434417758601782
29,2218-10-27,Фалькония,Эльфийская пыльца,10.816813312722687
30,2218-10-28,Фалькония,Эльфийская пыльца,10.206686214027455
31,2218-10-29,Фалькония,Эльфийская пыльца,9.742641786212296
32,2218-10-30,Фалькония,Эльфийская пыльца,9.264503380946188
33,2218-10-31,Фалькония,Эльфийская пыльца,8.726076953126118
34,2218-11-01,Фалькония,Эльфийская пыльца,8.518960099945785
35,2218-11-02,Фалькония,Эльфийская пыльца,8.267216196099236
36,2218-11-03,Фалькония,Эльфийская пыльца,8.078187764795477
37,2218-11-04,Фалькония,Эльфийская пыльца,7.905245059570113
38,2218-11-05,Фалькония,Эльфийская пыльца,7.510747802106418
39,2218-11-06,Фалькония,Эльфийская пыльца,7.474608137644682
40,2218-11-07,Фалькония,Эльфийская пыльца,7.554639481001347
41,2218-11-08,Фалькония,Эльфийская пыльца,7.60946851425391
42,2218-11-09,Фалькония,Эльфийская пыльца,7.67202899614206
43,2218-11-10,Фалькония,Эльфийская пыльца,7.951036950945029
44,2218-11-11,Фалькония,Эльфийская пыльца,8.210548995794927
45,2218-11-12,Фалькония,Эльфийская пыльца,8.210165842381368
46,2218-11-13,Фалькония,Эльфийская пыльца,8.223409546887018
47,2218-11-14,Фалькония,Эльфийская пыльца,8.087426413033832
48,2218-11-15,Фалькония,Эльфийская пыльца,7.954584850103195
49,2218-11-16,Фалькония,Эльфийская пыльца,7.850794413778464
50,2218-11-17,Фалькония,Эльфийская пыльца,7.695174971043555
51,2218-11-18,Фалькония,Эльфийская пыльца,7.697068119088609
52,2218-11-19,Фалькония,Эльфийская пыльца,7.947574039893768
53,2218-11-20,Фалькония,Эльфийская пыльца,7.985767964607595
54,2218-11-21,Фалькония,Эльфийская пыльца,8.222313522274483
55,2218-11-22,Фалькония,Эльфийская пыльца,8.539592414797605
56,2218-11-23,Фалькония,Эльфийская пыльца,8.22451571266508
57,2218-11-24,Фалькония,Эльфийская пыльца,8.059490745963771
58,2218-11-25,Фалькония,Эльфийская пыльца,7.988838575653845
59,2218-11-26,Фалькония,Эльфийская пыльца,7.9771903002979805
60,2218-11-27,Фалькония,Эльфийская пыльца,7.863657027486379
61,2218-11-28,Фалькония,Эльфийская пыльца,7.796731580057977
62,2218-11-29,Фалькония,Эльфийская пыльца,7.562522334313882
63,2218-11-30,Фалькония,Эльфийская пыльца,7.331924115592488
64,2218-12-01,Фалькония,Эльфийская пыльца,7.32139414805215
65,2218-12-02,Фалькония,Эльфийская пыльца,7.25299655316033
66,2218-12-03,Фалькония,Эльфийская пыльца,7.255519988390504
67,2218-12-04,Фалькония,Эльфийская пыльца,7.2022807423396955
68,2218-12-05,Фалькония,Эльфийская пыльца,7.247221938970292
69,2218-12-06,Фалькония,Эльфийская пыльца,7.263058300240639
70,2218-12-07,Фалькония,Эльфийская пыльца,7.3979131752640646
71,2218-12-08,Фалькония,Эльфийская пыльца,7.554430676075582
72,2218-12-09,Фалькония,Эльфийская пыльца,7.708842821907377
73,2218-12-10,Фалькония,Эльфийская пыльца,7.878587433459819
74,2218-12-11,Фалькония,Эльфийская пыльца,7.899144233582034
75,2218-12-12,Фалькония,Эльфийская пыльца,7.8881938456533645
76,2218-12-13,Фалькония,Эльфийская пыльца,7.863943616824774
77,2218-12-14,Фалькония,Эльфийская пыльца,7.682696331411559
78,2218-12-15,Фалькония,Эльфийская пыльца,7.635860797033928
79,2218-12-16,Фалькония,Эльфийская пыльца,7.577895996357858
80,2218-12-17,Фалькония,Эльфийская пыльца,7.525314809757564
81,2218-12-18,Фалькония,Эльфийская пыльца,7.487381662559205
82,2218-12-19,Фалькония,Эльфийская пыльца,7.572697106962441
83,2218-12-20,Фалькония,Эльфийская пыльца,7.54715516467294
84,2218-12-21,Фалькония,Эльфийская пыльца,7.503659977742448
85,2218-12-22,Фалькония,Эльфийская пыльца,7.474922320505629
86,2218-12-23,Фалькония,Эльфийская пыльца,7.409603029181423
87,2218-12-24,Фалькония,Эльфийская пыльца,7.319868146989025
88,2218-12-25,Фалькония,Эльфийская пыльца,7.279852807224176
89,2218-12-26,Фалькония,Эльфийская пыльца,7.34270051080973
90,2218-12-27,Фалькония,Эльфийская пыльца,7.338973631104503
91,2218-12-28,Фалькония,Эльфийская пыльца,7.229852623993979
92,2218-12-29,Фалькония,Эльфийская пыльца,7.169532556667027
0,2218-09-28,Фалькония,Эстус,7.52510063289512
1,2218-09-29,Фалькония,Эстус,7.547759141550778
2,2218-09-30,Фалькония,Эстус,7.411364443286661
3,2218-10-01,Фалькония,Эстус,7.556623615184665
4,2218-10-02,Фалькония,Эстус,7.64987329722322
5,2218-10-03,Фалькония,Эстус,7.737439304576078
6,2218-10-04,Фалькония,Эстус,7.773024927044514
7,2218-10-05,Фалькония,Эстус,7.84407617825674
8,2218-10-06,Фалькония,Эстус,7.520435140116656
9,2218-10-07,Фалькония,Эстус,7.308074248359019
10,2218-10-08,Фалькония,Эстус,7.041962198348402
11,2218-10-09,Фалькония,Эстус,6.776908483429119
12,2218-10-10,Фалькония,Эстус,6.591639517413867
13,2218-10-11,Фалькония,Эстус,6.039431187889942
14,2218-10-12,Фалькония,Эстус,5.881402585760739
15,2218-10-13,Фалькония,Эстус,5.683817663767453
16,2218-10-14,Фалькония,Эстус,5.5481452090603565
17,2218-10-15,Фалькония,Эстус,5.277811217979753
18,2218-10-16,Фалькония,Эстус,5.321442933849431
19,2218-10-17,Фалькония,Эстус,5.352697105402255
20,2218-10-18,Фалькония,Эстус,5.400187864205506
21,2218-10-19,Фалькония,Эстус,5.321085959117925
22,2218-10-20,Фалькония,Эстус,5.328001531669244
23,2218-10-21,Фалькония,Эстус,5.355670015342741
24,2218-10-22,Фалькония,Эстус,5.406300148018862
25,2218-10-23,Фалькония,Эстус,5.410514853059553
26,2218-10-24,Фалькония,Эстус,5.418781516572767
27,2218-10-25,Фалькония,Эстус,5.4607347558923935
28,2218-10-26,Фалькония,Эстус,5.547508314972948
29,2218-10-27,Фалькония,Эстус,5.612459519076879
30,2218-10-28,Фалькония,Эстус,5.576026035885628
31,2218-10-29,Фалькония,Эстус,5.557849320038413
32,2218-10-30,Фалькония,Эстус,5.605376523486955
33,2218-10-31,Фалькония,Эстус,5.729067640595725
34,2218-11-01,Фалькония,Эстус,5.840408361508844
35,2218-11-02,Фалькония,Эстус,5.921343914968994
36,2218-11-03,Фалькония,Эстус,5.919467976631415
37,2218-11-04,Фалькония,Эстус,5.851856278006703
38,2218-11-05,Фалькония,Эстус,5.921526479053044
39,2218-11-06,Фалькония,Эстус,5.872832797238173
40,2218-11-07,Фалькония,Эстус,5.896733745342782
41,2218-11-08,Фалькония,Эстус,5.890512628753473
42,2218-11-09,Фалькония,Эстус,5.922525990893708
43,2218-11-10,Фалькония,Эстус,5.8870609658241335
44,2218-11-11,Фалькония,Эстус,5.894253619912201
45,2218-11-12,Фалькония,Эстус,5.916943861487808
46,2218-11-13,Фалькония,Эстус,5.909551653930692
47,2218-11-14,Фалькония,Эстус,5.957041680792215
48,2218-11-15,Фалькония,Эстус,5.971614605546534
49,2218-11-16,Фалькония,Эстус,6.009331329277094
50,2218-11-17,Фалькония,Эстус,5.974695281711319
51,2218-11-18,Фалькония,Эстус,5.926559982018887
52,2218-11-19,Фалькония,Эстус,5.9829687036275905
53,2218-11-20,Фалькония,Эстус,5.961959623303601
54,2218-11-21,Фалькония,Эстус,5.865363127774617
55,2218-11-22,Фалькония,Эстус,5.921210169908293
56,2218-11-23,Фалькония,Эстус,5.929392030737648
57,2218-11-24,Фалькония,Эстус,5.93222053355992
58,2218-11-25,Фалькония,Эстус,5.960335132428182
59,2218-11-26,Фалькония,Эстус,6.0134768832038645
60,2218-11-27,Фалькония,Эстус,6.011324537563315
61,2218-11-28,Фалькония,Эстус,6.0097353927562525
62,2218-11-29,Фалькония,Эстус,6.003759716760986
63,2218-11-30,Фалькония,Эстус,6.027461531863677
64,2218-12-01,Фалькония,Эстус,5.99255410643041
65,2218-12-02,Фалькония,Эстус,5.997066382821029
66,2218-12-03,Фалькония,Эстус,6.000788252937913
67,2218-12-04,Фалькония,Эстус,6.013548969226678
68,2218-12-05,Фалькония,Эстус,6.0430125788490185
69,2218-12-06,Фалькония,Эстус,6.028851173884446
70,2218-12-07,Фалькония,Эстус,6.06121916084516
71,2218-12-08,Фалькония,Эстус,6.066808156645399
72,2218-12-09,Фалькония,Эстус,6.065955978345072
73,2218-12-10,Фалькония,Эстус,6.067866408226638
74,2218-12-11,Фалькония,Эстус,6.069814080507124
75,2218-12-12,Фалькония,Эстус,6.111659344548657
76,2218-12-13,Фалькония,Эстус,6.167521290097867
77,2218-12-14,Фалькония,Эстус,6.163195119371335
78,2218-12-15,Фалькония,Эстус,6.190870393313585
79,2218-12-16,Фалькония,Эстус,6.240634198701013
80,2218-12-17,Фалькония,Эстус,6.348070102321439
81,2218-12-18,Фалькония,Эстус,6.381299657567003
82,2218-12-19,Фалькония,Эстус,6.435355964929008
83,2218-12-20,Фалькония,Эстус,6.474972224545078
84,2218-12-21,Фалькония,Эстус,6.483959129866125
85,2218-12-22,Фалькония,Эстус,6.490147405299227
86,2218-12-23,Фалькония,Эстус,6.474690426305233
87,2218-12-24,Фалькония,Эстус,6.501250443550175
88,2218-12-25,Фалькония,Эстус,6.519994802862312
89,2218-12-26,Фалькония,Эстус,6.599678082647558
90,2218-12-27,Фалькония,Эстус,6.609303058291354
91,2218-12-28,Фалькония,Эстус,6.531717092662897
92,2218-12-29,Фалькония,Эстус,6.512296616861542
